1	10000
1	20000
1	30000
1	40000
1	50000
1	60000
1	70000
1	80000
1	90000
1	100000
1	110000
1	120000
1	130000
1	140000
1	150000
1	160000
1	170000
1	180000
1	190000
1	200000
1	210000
1	220000
1	230000
1	240000
1	250000
1	260000
1	270000
1	280000
1	290000
1	300000
1	310000
1	320000
1	330000
1	340000
1	350000
1	360000
1	370000
1	380000
1	390000
1	400000
1	410000
1	420000
1	430000
1	440000
1	450000
1	460000
1	470000
1	480000
1	490000
1	500000
1	510000
1	520000
1	530000
1	540000
1	550000
1	560000
1	570000
1	580000
1	590000
1	600000
1	610000
1	620000
1	630000
1	640000
1	650000
1	660000
1	670000
1	680000
1	690000
1	700000
1	710000
1	720000
1	730000
1	740000
1	750000
1	760000
1	770000
1	780000
1	790000
1	800000
1	810000
1	820000
1	830000
1	840000
1	850000
1	860000
1	870000
1	880000
1	890000
1	900000
1	910000
1	920000
1	930000
1	940000
1	950000
1	960000
1	970000
1	980000
1	990000
1	1000000
1	1010000
1	1020000
1	1030000
1	1040000
1	1050000
1	1060000
1	1070000
1	1080000
1	1090000
1	1100000
1	1110000
1	1120000
1	1130000
1	1140000
1	1150000
1	1160000
1	1170000
1	1180000
1	1190000
1	1200000
1	1210000
1	1220000
1	1230000
1	1240000
1	1250000
1	1260000
1	1270000
1	1280000
1	1290000
1	1300000
1	1310000
1	1320000
1	1330000
1	1340000
1	1350000
1	1360000
1	1370000
1	1380000
1	1390000
1	1400000
1	1410000
1	1420000
1	1430000
1	1440000
1	1450000
1	1460000
1	1470000
1	1480000
1	1490000
1	1500000
1	1510000
1	1520000
1	1530000
1	1540000
1	1550000
1	1560000
1	1570000
1	1580000
1	1590000
1	1600000
1	1610000
1	1620000
1	1630000
1	1640000
1	1650000
1	1660000
1	1670000
1	1680000
1	1690000
1	1700000
1	1710000
1	1720000
1	1730000
1	1740000
1	1750000
1	1760000
1	1770000
1	1780000
1	1790000
1	1800000
1	1810000
1	1820000
1	1830000
1	1840000
1	1850000
1	1860000
1	1870000
1	1880000
1	1890000
1	1900000
1	1910000
1	1920000
1	1930000
1	1940000
1	1950000
1	1960000
1	1970000
1	1980000
1	1990000
1	2000000
1	2010000
1	2020000
1	2030000
1	2040000
1	2050000
1	2060000
1	2070000
1	2080000
1	2090000
1	2100000
1	2110000
1	2120000
1	2130000
1	2140000
1	2150000
1	2160000
1	2170000
1	2180000
1	2190000
1	2200000
1	2210000
1	2220000
1	2230000
1	2240000
1	2250000
1	2260000
1	2270000
1	2280000
1	2290000
1	2300000
1	2310000
1	2320000
1	2330000
1	2340000
1	2350000
1	2360000
1	2370000
1	2380000
1	2390000
1	2400000
1	2410000
1	2420000
1	2430000
1	2440000
1	2450000
1	2460000
1	2470000
1	2480000
1	2490000
1	2500000
1	2510000
1	2520000
1	2530000
1	2540000
1	2550000
1	2560000
1	2570000
1	2580000
1	2590000
1	2600000
1	2610000
1	2620000
1	2630000
1	2640000
1	2650000
1	2660000
1	2670000
1	2680000
1	2690000
1	2700000
1	2710000
1	2720000
1	2730000
1	2740000
1	2750000
1	2760000
1	2770000
1	2780000
1	2790000
1	2800000
1	2810000
1	2820000
1	2830000
1	2840000
1	2850000
1	2860000
1	2870000
1	2880000
1	2890000
1	2900000
1	2910000
1	2920000
1	2930000
1	2940000
1	2950000
1	2960000
1	2970000
1	2980000
1	2990000
1	3000000
1	3010000
1	3020000
1	3030000
1	3040000
1	3050000
1	3060000
1	3070000
1	3080000
1	3090000
1	3100000
1	3110000
1	3120000
1	3130000
1	3140000
1	3150000
1	3160000
1	3170000
1	3180000
1	3190000
1	3200000
1	3210000
1	3220000
1	3230000
1	3240000
1	3250000
1	3260000
1	3270000
1	3280000
1	3290000
1	3300000
1	3310000
1	3320000
1	3330000
1	3340000
1	3350000
1	3360000
1	3370000
1	3380000
1	3390000
1	3400000
1	3410000
1	3420000
1	3430000
1	3440000
1	3450000
1	3460000
1	3470000
1	3480000
1	3490000
1	3500000
1	3510000
1	3520000
1	3530000
1	3540000
1	3550000
1	3560000
1	3570000
1	3580000
1	3590000
1	3600000
1	3610000
1	3620000
1	3630000
1	3640000
1	3650000
1	3660000
1	3670000
1	3680000
1	3690000
1	3700000
1	3710000
1	3720000
1	3730000
1	3740000
1	3750000
1	3760000
1	3770000
1	3780000
1	3790000
1	3800000
1	3810000
1	3820000
1	3830000
1	3840000
1	3850000
1	3860000
1	3870000
1	3880000
1	3890000
1	3900000
1	3910000
1	3920000
1	3930000
1	3940000
1	3950000
1	3960000
1	3970000
1	3980000
1	3990000
1	4000000
1	4010000
1	4020000
1	4030000
1	4040000
1	4050000
1	4060000
1	4070000
1	4080000
1	4090000
1	4100000
1	4110000
1	4120000
1	4130000
1	4140000
1	4150000
1	4160000
1	4170000
1	4180000
1	4190000
1	4200000
1	4210000
1	4220000
1	4230000
1	4240000
1	4250000
1	4260000
1	4270000
1	4280000
1	4290000
1	4300000
1	4310000
1	4320000
1	4330000
1	4340000
1	4350000
1	4360000
1	4370000
1	4380000
1	4390000
1	4400000
1	4410000
1	4420000
1	4430000
1	4440000
1	4450000
1	4460000
1	4470000
1	4480000
1	4490000
1	4500000
1	4510000
1	4520000
1	4530000
1	4540000
1	4550000
1	4560000
1	4570000
1	4580000
1	4590000
1	4600000
1	4610000
1	4620000
1	4630000
1	4640000
1	4650000
1	4660000
1	4670000
1	4680000
1	4690000
1	4700000
1	4710000
1	4720000
1	4730000
1	4740000
1	4750000
1	4760000
1	4770000
1	4780000
1	4790000
1	4800000
1	4810000
1	4820000
1	4830000
1	4840000
1	4850000
1	4860000
1	4870000
1	4880000
1	4890000
1	4900000
1	4910000
1	4920000
1	4930000
1	4940000
1	4950000
1	4960000
1	4970000
1	4980000
1	4990000
1	5000000
1	5010000
1	5020000
1	5030000
1	5040000
1	5050000
1	5060000
1	5070000
1	5080000
1	5090000
1	5100000
1	5110000
1	5120000
1	5130000
1	5140000
1	5150000
1	5160000
1	5170000
1	5180000
1	5190000
1	5200000
1	5210000
1	5220000
1	5230000
1	5240000
1	5250000
1	5260000
1	5270000
1	5280000
1	5290000
1	5300000
1	5310000
1	5320000
1	5330000
1	5340000
1	5350000
1	5360000
1	5370000
1	5380000
1	5390000
1	5400000
1	5410000
1	5420000
1	5430000
1	5440000
1	5450000
1	5460000
1	5470000
1	5480000
1	5490000
1	5500000
1	5510000
1	5520000
1	5530000
1	5540000
1	5550000
1	5560000
1	5570000
1	5580000
1	5590000
1	5600000
1	5610000
1	5620000
1	5630000
1	5640000
1	5650000
1	5660000
1	5670000
1	5680000
1	5690000
1	5700000
1	5710000
1	5720000
1	5730000
1	5740000
1	5750000
1	5760000
1	5770000
1	5780000
1	5790000
1	5800000
1	5810000
1	5820000
1	5830000
1	5840000
1	5850000
1	5860000
1	5870000
1	5880000
1	5890000
1	5900000
1	5910000
1	5920000
1	5930000
1	5940000
1	5950000
1	5960000
1	5970000
1	5980000
1	5990000
1	6000000
1	6010000
1	6020000
1	6030000
1	6040000
1	6050000
1	6060000
1	6070000
1	6080000
1	6090000
1	6100000
1	6110000
1	6120000
1	6130000
1	6140000
1	6150000
1	6160000
1	6170000
1	6180000
1	6190000
1	6200000
1	6210000
1	6220000
1	6230000
1	6240000
1	6250000
1	6260000
1	6270000
1	6280000
1	6290000
1	6300000
1	6310000
1	6320000
1	6330000
1	6340000
1	6350000
1	6360000
1	6370000
1	6380000
1	6390000
1	6400000
1	6410000
1	6420000
1	6430000
1	6440000
1	6450000
1	6460000
1	6470000
1	6480000
1	6490000
1	6500000
1	6510000
1	6520000
1	6530000
1	6540000
1	6550000
1	6560000
1	6570000
1	6580000
1	6590000
1	6600000
1	6610000
1	6620000
1	6630000
1	6640000
1	6650000
1	6660000
1	6670000
1	6680000
1	6690000
1	6700000
1	6710000
1	6720000
1	6730000
1	6740000
1	6750000
1	6760000
1	6770000
1	6780000
1	6790000
1	6800000
1	6810000
1	6820000
1	6830000
1	6840000
1	6850000
1	6860000
1	6870000
1	6880000
1	6890000
1	6900000
1	6910000
1	6920000
1	6930000
1	6940000
1	6950000
1	6960000
1	6970000
1	6980000
1	6990000
1	7000000
1	7010000
1	7020000
1	7030000
1	7040000
1	7050000
1	7060000
1	7070000
1	7080000
1	7090000
1	7100000
1	7110000
1	7120000
1	7130000
1	7140000
1	7150000
1	7160000
1	7170000
1	7180000
1	7190000
1	7200000
1	7210000
1	7220000
1	7230000
1	7240000
1	7250000
1	7260000
1	7270000
1	7280000
1	7290000
1	7300000
1	7310000
1	7320000
1	7330000
1	7340000
1	7350000
1	7360000
1	7370000
1	7380000
1	7390000
1	7400000
1	7410000
1	7420000
1	7430000
1	7440000
1	7450000
1	7460000
1	7470000
1	7480000
1	7490000
1	7500000
1	7510000
1	7520000
1	7530000
1	7540000
1	7550000
1	7560000
1	7570000
1	7580000
1	7590000
1	7600000
1	7610000
1	7620000
1	7630000
1	7640000
1	7650000
1	7660000
1	7670000
1	7680000
1	7690000
1	7700000
1	7710000
1	7720000
1	7730000
1	7740000
1	7750000
1	7760000
1	7770000
1	7780000
1	7790000
1	7800000
1	7810000
1	7820000
1	7830000
1	7840000
1	7850000
1	7860000
1	7870000
1	7880000
1	7890000
1	7900000
1	7910000
1	7920000
1	7930000
1	7940000
1	7950000
1	7960000
1	7970000
1	7980000
1	7990000
1	8000000
1	8010000
1	8020000
1	8030000
1	8040000
1	8050000
1	8060000
1	8070000
1	8080000
1	8090000
1	8100000
1	8110000
1	8120000
1	8130000
1	8140000
1	8150000
1	8160000
1	8170000
1	8180000
1	8190000
1	8200000
1	8210000
1	8220000
1	8230000
1	8240000
1	8250000
1	8260000
1	8270000
1	8280000
1	8290000
1	8300000
1	8310000
1	8320000
1	8330000
1	8340000
1	8350000
1	8360000
1	8370000
1	8380000
1	8390000
1	8400000
1	8410000
1	8420000
1	8430000
1	8440000
1	8450000
1	8460000
1	8470000
1	8480000
1	8490000
1	8500000
1	8510000
1	8520000
1	8530000
1	8540000
1	8550000
1	8560000
1	8570000
1	8580000
1	8590000
1	8600000
1	8610000
1	8620000
1	8630000
1	8640000
1	8650000
1	8660000
1	8670000
1	8680000
1	8690000
1	8700000
1	8710000
1	8720000
1	8730000
1	8740000
1	8750000
1	8760000
1	8770000
1	8780000
1	8790000
1	8800000
1	8810000
1	8820000
1	8830000
1	8840000
1	8850000
1	8860000
1	8870000
1	8880000
1	8890000
1	8900000
1	8910000
1	8920000
1	8930000
1	8940000
1	8950000
1	8960000
1	8970000
1	8980000
1	8990000
1	9000000
1	9010000
1	9020000
1	9030000
1	9040000
1	9050000
1	9060000
1	9070000
1	9080000
1	9090000
1	9100000
1	9110000
1	9120000
1	9130000
1	9140000
1	9150000
1	9160000
1	9170000
1	9180000
1	9190000
1	9200000
1	9210000
1	9220000
1	9230000
1	9240000
1	9250000
1	9260000
1	9270000
1	9280000
1	9290000
1	9300000
1	9310000
1	9320000
1	9330000
1	9340000
1	9350000
1	9360000
1	9370000
1	9380000
1	9390000
1	9400000
1	9410000
1	9420000
1	9430000
1	9440000
1	9450000
1	9460000
1	9470000
1	9480000
1	9490000
1	9500000
1	9510000
1	9520000
1	9530000
1	9540000
1	9550000
1	9560000
1	9570000
1	9580000
1	9590000
1	9600000
1	9610000
1	9620000
1	9630000
1	9640000
1	9650000
1	9660000
1	9670000
1	9680000
1	9690000
1	9700000
1	9710000
1	9720000
1	9730000
1	9740000
1	9750000
1	9760000
1	9770000
1	9780000
1	9790000
1	9800000
1	9810000
1	9820000
1	9830000
1	9840000
1	9850000
1	9860000
1	9870000
1	9880000
1	9890000
1	9900000
1	9910000
1	9920000
1	9930000
1	9940000
1	9950000
1	9960000
1	9970000
1	9980000
1	9990000
1	10000000
1	10010000
1	10020000
1	10030000
1	10040000
1	10050000
1	10060000
1	10070000
1	10080000
1	10090000
1	10100000
1	10110000
1	10120000
1	10130000
1	10140000
1	10150000
1	10160000
1	10170000
1	10180000
1	10190000
1	10200000
1	10210000
1	10220000
1	10230000
1	10240000
1	10250000
1	10260000
1	10270000
1	10280000
1	10290000
1	10300000
1	10310000
1	10320000
1	10330000
1	10340000
1	10350000
1	10360000
1	10370000
1	10380000
1	10390000
1	10400000
1	10410000
1	10420000
1	10430000
1	10440000
1	10450000
1	10460000
1	10470000
1	10480000
1	10490000
1	10500000
1	10510000
1	10520000
1	10530000
1	10540000
1	10550000
1	10560000
1	10570000
1	10580000
1	10590000
1	10600000
1	10610000
1	10620000
1	10630000
1	10640000
1	10650000
1	10660000
1	10670000
1	10680000
1	10690000
1	10700000
1	10710000
1	10720000
1	10730000
1	10740000
1	10750000
1	10760000
1	10770000
1	10780000
1	10790000
1	10800000
1	10810000
1	10820000
1	10830000
1	10840000
1	10850000
1	10860000
1	10870000
1	10880000
1	10890000
1	10900000
1	10910000
1	10920000
1	10930000
1	10940000
1	10950000
1	10960000
1	10970000
1	10980000
1	10990000
1	11000000
1	11010000
1	11020000
1	11030000
1	11040000
1	11050000
1	11060000
1	11070000
1	11080000
1	11090000
1	11100000
1	11110000
1	11120000
1	11130000
1	11140000
1	11150000
1	11160000
1	11170000
1	11180000
1	11190000
1	11200000
1	11210000
1	11220000
1	11230000
1	11240000
1	11250000
1	11260000
1	11270000
1	11280000
1	11290000
1	11300000
1	11310000
1	11320000
1	11330000
1	11340000
1	11350000
1	11360000
1	11370000
1	11380000
1	11390000
1	11400000
1	11410000
1	11420000
1	11430000
1	11440000
1	11450000
1	11460000
1	11470000
1	11480000
1	11490000
1	11500000
1	11510000
1	11520000
1	11530000
1	11540000
1	11550000
1	11560000
1	11570000
1	11580000
1	11590000
1	11600000
1	11610000
1	11620000
1	11630000
1	11640000
1	11650000
1	11660000
1	11670000
1	11680000
1	11690000
1	11700000
1	11710000
1	11720000
1	11730000
1	11740000
1	11750000
1	11760000
1	11770000
1	11780000
1	11790000
1	11800000
1	11810000
1	11820000
1	11830000
1	11840000
1	11850000
1	11860000
1	11870000
1	11880000
1	11890000
1	11900000
1	11910000
1	11920000
1	11930000
1	11940000
1	11950000
1	11960000
1	11970000
1	11980000
1	11990000
1	12000000
1	12010000
1	12020000
1	12030000
1	12040000
1	12050000
1	12060000
1	12070000
1	12080000
1	12090000
1	12100000
1	12110000
1	12120000
1	12130000
1	12140000
1	12150000
1	12160000
1	12170000
1	12180000
1	12190000
1	12200000
1	12210000
1	12220000
1	12230000
1	12240000
1	12250000
1	12260000
1	12270000
1	12280000
1	12290000
1	12300000
1	12310000
1	12320000
1	12330000
1	12340000
1	12350000
1	12360000
1	12370000
1	12380000
1	12390000
1	12400000
1	12410000
1	12420000
1	12430000
1	12440000
1	12450000
1	12460000
1	12470000
1	12480000
1	12490000
1	12500000
1	12510000
1	12520000
1	12530000
1	12540000
1	12550000
1	12560000
1	12570000
1	12580000
1	12590000
1	12600000
1	12610000
1	12620000
1	12630000
1	12640000
1	12650000
1	12660000
1	12670000
1	12680000
1	12690000
1	12700000
1	12710000
1	12720000
1	12730000
1	12740000
1	12750000
1	12760000
1	12770000
1	12780000
1	12790000
1	12800000
1	12810000
1	12820000
1	12830000
1	12840000
1	12850000
1	12860000
1	12870000
1	12880000
1	12890000
1	12900000
1	12910000
1	12920000
1	12930000
1	12940000
1	12950000
1	12960000
1	12970000
1	12980000
1	12990000
1	13000000
1	13010000
1	13020000
1	13030000
1	13040000
1	13050000
1	13060000
1	13070000
1	13080000
1	13090000
1	13100000
1	13110000
1	13120000
1	13130000
1	13140000
1	13150000
1	13160000
1	13170000
1	13180000
1	13190000
1	13200000
1	13210000
1	13220000
1	13230000
1	13240000
1	13250000
1	13260000
1	13270000
1	13280000
1	13290000
1	13300000
1	13310000
1	13320000
1	13330000
1	13340000
1	13350000
1	13360000
1	13370000
1	13380000
1	13390000
1	13400000
1	13410000
1	13420000
1	13430000
1	13440000
1	13450000
1	13460000
1	13470000
1	13480000
1	13490000
1	13500000
1	13510000
1	13520000
1	13530000
1	13540000
1	13550000
1	13560000
1	13570000
1	13580000
1	13590000
1	13600000
1	13610000
1	13620000
1	13630000
1	13640000
1	13650000
1	13660000
1	13670000
1	13680000
1	13690000
1	13700000
1	13710000
1	13720000
1	13730000
1	13740000
1	13750000
1	13760000
1	13770000
1	13780000
1	13790000
1	13800000
1	13810000
1	13820000
1	13830000
1	13840000
1	13850000
1	13860000
1	13870000
1	13880000
1	13890000
1	13900000
1	13910000
1	13920000
1	13930000
1	13940000
1	13950000
1	13960000
1	13970000
1	13980000
1	13990000
1	14000000
1	14010000
1	14020000
1	14030000
1	14040000
1	14050000
1	14060000
1	14070000
1	14080000
1	14090000
1	14100000
1	14110000
1	14120000
1	14130000
1	14140000
1	14150000
1	14160000
1	14170000
1	14180000
1	14190000
1	14200000
1	14210000
1	14220000
1	14230000
1	14240000
1	14250000
1	14260000
1	14270000
1	14280000
1	14290000
1	14300000
1	14310000
1	14320000
1	14330000
1	14340000
1	14350000
1	14360000
1	14370000
1	14380000
1	14390000
1	14400000
1	14410000
1	14420000
1	14430000
1	14440000
1	14450000
1	14460000
1	14470000
1	14480000
1	14490000
1	14500000
1	14510000
1	14520000
1	14530000
1	14540000
1	14550000
1	14560000
1	14570000
1	14580000
1	14590000
1	14600000
1	14610000
1	14620000
1	14630000
1	14640000
1	14650000
1	14660000
1	14670000
1	14680000
1	14690000
1	14700000
1	14710000
1	14720000
1	14730000
1	14740000
1	14750000
1	14760000
1	14770000
1	14780000
1	14790000
1	14800000
1	14810000
1	14820000
1	14830000
1	14840000
1	14850000
1	14860000
1	14870000
1	14880000
1	14890000
1	14900000
1	14910000
1	14920000
1	14930000
1	14940000
1	14950000
1	14960000
1	14970000
1	14980000
1	14990000
1	15000000
1	15010000
1	15020000
1	15030000
1	15040000
1	15050000
1	15060000
1	15070000
1	15080000
1	15090000
1	15100000
1	15110000
1	15120000
1	15130000
1	15140000
1	15150000
1	15160000
1	15170000
1	15180000
1	15190000
1	15200000
1	15210000
1	15220000
1	15230000
1	15240000
1	15250000
1	15260000
1	15270000
1	15280000
1	15290000
1	15300000
1	15310000
1	15320000
1	15330000
1	15340000
1	15350000
1	15360000
1	15370000
1	15380000
1	15390000
1	15400000
1	15410000
1	15420000
1	15430000
1	15440000
1	15450000
1	15460000
1	15470000
1	15480000
1	15490000
1	15500000
1	15510000
1	15520000
1	15530000
1	15540000
1	15550000
1	15560000
1	15570000
1	15580000
1	15590000
1	15600000
1	15610000
1	15620000
1	15630000
1	15640000
1	15650000
1	15660000
1	15670000
1	15680000
1	15690000
1	15700000
1	15710000
1	15720000
1	15730000
1	15740000
1	15750000
1	15760000
1	15770000
1	15780000
1	15790000
1	15800000
1	15810000
1	15820000
1	15830000
1	15840000
1	15850000
1	15860000
1	15870000
1	15880000
1	15890000
1	15900000
1	15910000
1	15920000
1	15930000
1	15940000
1	15950000
1	15960000
1	15970000
1	15980000
1	15990000
1	16000000
1	16010000
1	16020000
1	16030000
1	16040000
1	16050000
1	16060000
1	16070000
1	16080000
1	16090000
1	16100000
1	16110000
1	16120000
1	16130000
1	16140000
1	16150000
1	16160000
1	16170000
1	16180000
1	16190000
1	16200000
1	16210000
1	16220000
1	16230000
1	16240000
1	16250000
1	16260000
1	16270000
1	16280000
1	16290000
1	16300000
1	16310000
1	16320000
1	16330000
1	16340000
1	16350000
1	16360000
1	16370000
1	16380000
1	16390000
1	16400000
1	16410000
1	16420000
1	16430000
1	16440000
1	16450000
1	16460000
1	16470000
1	16480000
1	16490000
1	16500000
1	16510000
1	16520000
1	16530000
1	16540000
1	16550000
1	16560000
1	16570000
1	16580000
1	16590000
1	16600000
1	16610000
1	16620000
1	16630000
1	16640000
1	16650000
1	16660000
1	16670000
1	16680000
1	16690000
1	16700000
1	16710000
1	16720000
1	16730000
1	16740000
1	16750000
1	16760000
1	16770000
1	16780000
1	16790000
1	16800000
1	16810000
1	16820000
1	16830000
1	16840000
1	16850000
1	16860000
1	16870000
1	16880000
1	16890000
1	16900000
1	16910000
1	16920000
1	16930000
1	16940000
1	16950000
1	16960000
1	16970000
1	16980000
1	16990000
1	17000000
1	17010000
1	17020000
1	17030000
1	17040000
1	17050000
1	17060000
1	17070000
1	17080000
1	17090000
1	17100000
1	17110000
1	17120000
1	17130000
1	17140000
1	17150000
1	17160000
1	17170000
1	17180000
1	17190000
1	17200000
1	17210000
1	17220000
1	17230000
1	17240000
1	17250000
1	17260000
1	17270000
1	17280000
1	17290000
1	17300000
1	17310000
1	17320000
1	17330000
1	17340000
1	17350000
1	17360000
1	17370000
1	17380000
1	17390000
1	17400000
1	17410000
1	17420000
1	17430000
1	17440000
1	17450000
1	17460000
1	17470000
1	17480000
1	17490000
1	17500000
1	17510000
1	17520000
1	17530000
1	17540000
1	17550000
1	17560000
1	17570000
1	17580000
1	17590000
1	17600000
1	17610000
1	17620000
1	17630000
1	17640000
1	17650000
1	17660000
1	17670000
1	17680000
1	17690000
1	17700000
1	17710000
1	17720000
1	17730000
1	17740000
1	17750000
1	17760000
1	17770000
1	17780000
1	17790000
1	17800000
1	17810000
1	17820000
1	17830000
1	17840000
1	17850000
1	17860000
1	17870000
1	17880000
1	17890000
1	17900000
1	17910000
1	17920000
1	17930000
1	17940000
1	17950000
1	17960000
1	17970000
1	17980000
1	17990000
1	18000000
1	18010000
1	18020000
1	18030000
1	18040000
1	18050000
1	18060000
1	18070000
1	18080000
1	18090000
1	18100000
1	18110000
1	18120000
1	18130000
1	18140000
1	18150000
1	18160000
1	18170000
1	18180000
1	18190000
1	18200000
1	18210000
1	18220000
1	18230000
1	18240000
1	18250000
1	18260000
1	18270000
1	18280000
1	18290000
1	18300000
1	18310000
1	18320000
1	18330000
1	18340000
1	18350000
1	18360000
1	18370000
1	18380000
1	18390000
1	18400000
1	18410000
1	18420000
1	18430000
1	18440000
1	18450000
1	18460000
1	18470000
1	18480000
1	18490000
1	18500000
1	18510000
1	18520000
1	18530000
1	18540000
1	18550000
1	18560000
1	18570000
1	18580000
1	18590000
1	18600000
1	18610000
1	18620000
1	18630000
1	18640000
1	18650000
1	18660000
1	18670000
1	18680000
1	18690000
1	18700000
1	18710000
1	18720000
1	18730000
1	18740000
1	18750000
1	18760000
1	18770000
1	18780000
1	18790000
1	18800000
1	18810000
1	18820000
1	18830000
1	18840000
1	18850000
1	18860000
1	18870000
1	18880000
1	18890000
1	18900000
1	18910000
1	18920000
1	18930000
1	18940000
1	18950000
1	18960000
1	18970000
1	18980000
1	18990000
1	19000000
1	19010000
1	19020000
1	19030000
1	19040000
1	19050000
1	19060000
1	19070000
1	19080000
1	19090000
1	19100000
1	19110000
1	19120000
1	19130000
1	19140000
1	19150000
1	19160000
1	19170000
1	19180000
1	19190000
1	19200000
1	19210000
1	19220000
1	19230000
1	19240000
1	19250000
1	19260000
1	19270000
1	19280000
1	19290000
1	19300000
1	19310000
1	19320000
1	19330000
1	19340000
1	19350000
1	19360000
1	19370000
1	19380000
1	19390000
1	19400000
1	19410000
1	19420000
1	19430000
1	19440000
1	19450000
1	19460000
1	19470000
1	19480000
1	19490000
1	19500000
1	19510000
1	19520000
1	19530000
1	19540000
1	19550000
1	19560000
1	19570000
1	19580000
1	19590000
1	19600000
1	19610000
1	19620000
1	19630000
1	19640000
1	19650000
1	19660000
1	19670000
1	19680000
1	19690000
1	19700000
1	19710000
1	19720000
1	19730000
1	19740000
1	19750000
1	19760000
1	19770000
1	19780000
1	19790000
1	19800000
1	19810000
1	19820000
1	19830000
1	19840000
1	19850000
1	19860000
1	19870000
1	19880000
1	19890000
1	19900000
1	19910000
1	19920000
1	19930000
1	19940000
1	19950000
1	19960000
1	19970000
1	19980000
1	19990000
1	20000000
1	20010000
1	20020000
1	20030000
1	20040000
1	20050000
1	20060000
1	20070000
1	20080000
1	20090000
1	20100000
1	20110000
1	20120000
1	20130000
1	20140000
1	20150000
1	20160000
1	20170000
1	20180000
1	20190000
1	20200000
1	20210000
1	20220000
1	20230000
1	20240000
1	20250000
1	20260000
1	20270000
1	20280000
1	20290000
1	20300000
1	20310000
1	20320000
1	20330000
1	20340000
1	20350000
1	20360000
1	20370000
1	20380000
1	20390000
1	20400000
1	20410000
1	20420000
1	20430000
1	20440000
1	20450000
1	20460000
1	20470000
1	20480000
1	20490000
1	20500000
1	20510000
1	20520000
1	20530000
1	20540000
1	20550000
1	20560000
1	20570000
1	20580000
1	20590000
1	20600000
1	20610000
1	20620000
1	20630000
1	20640000
1	20650000
1	20660000
1	20670000
1	20680000
1	20690000
1	20700000
1	20710000
1	20720000
1	20730000
1	20740000
1	20750000
1	20760000
1	20770000
1	20780000
1	20790000
1	20800000
1	20810000
1	20820000
1	20830000
1	20840000
1	20850000
1	20860000
1	20870000
1	20880000
1	20890000
1	20900000
1	20910000
1	20920000
1	20930000
1	20940000
1	20950000
1	20960000
1	20970000
1	20980000
1	20990000
1	21000000
1	21010000
1	21020000
1	21030000
1	21040000
1	21050000
1	21060000
1	21070000
1	21080000
1	21090000
1	21100000
1	21110000
1	21120000
1	21130000
1	21140000
1	21150000
1	21160000
1	21170000
1	21180000
1	21190000
1	21200000
1	21210000
1	21220000
1	21230000
1	21240000
1	21250000
1	21260000
1	21270000
1	21280000
1	21290000
1	21300000
1	21310000
1	21320000
1	21330000
1	21340000
1	21350000
1	21360000
1	21370000
1	21380000
1	21390000
1	21400000
1	21410000
1	21420000
1	21430000
1	21440000
1	21450000
1	21460000
1	21470000
1	21480000
1	21490000
1	21500000
1	21510000
1	21520000
1	21530000
1	21540000
1	21550000
1	21560000
1	21570000
1	21580000
1	21590000
1	21600000
1	21610000
1	21620000
1	21630000
1	21640000
1	21650000
1	21660000
1	21670000
1	21680000
1	21690000
1	21700000
1	21710000
1	21720000
1	21730000
1	21740000
1	21750000
1	21760000
1	21770000
1	21780000
1	21790000
1	21800000
1	21810000
1	21820000
1	21830000
1	21840000
1	21850000
1	21860000
1	21870000
1	21880000
1	21890000
1	21900000
1	21910000
1	21920000
1	21930000
1	21940000
1	21950000
1	21960000
1	21970000
1	21980000
1	21990000
1	22000000
1	22010000
1	22020000
1	22030000
1	22040000
1	22050000
1	22060000
1	22070000
1	22080000
1	22090000
1	22100000
1	22110000
1	22120000
1	22130000
1	22140000
1	22150000
1	22160000
1	22170000
1	22180000
1	22190000
1	22200000
1	22210000
1	22220000
1	22230000
1	22240000
1	22250000
1	22260000
1	22270000
1	22280000
1	22290000
1	22300000
1	22310000
1	22320000
1	22330000
1	22340000
1	22350000
1	22360000
1	22370000
1	22380000
1	22390000
1	22400000
1	22410000
1	22420000
1	22430000
1	22440000
1	22450000
1	22460000
1	22470000
1	22480000
1	22490000
1	22500000
1	22510000
1	22520000
1	22530000
1	22540000
1	22550000
1	22560000
1	22570000
1	22580000
1	22590000
1	22600000
1	22610000
1	22620000
1	22630000
1	22640000
1	22650000
1	22660000
1	22670000
1	22680000
1	22690000
1	22700000
1	22710000
1	22720000
1	22730000
1	22740000
1	22750000
1	22760000
1	22770000
1	22780000
1	22790000
1	22800000
1	22810000
1	22820000
1	22830000
1	22840000
1	22850000
1	22860000
1	22870000
1	22880000
1	22890000
1	22900000
1	22910000
1	22920000
1	22930000
1	22940000
1	22950000
1	22960000
1	22970000
1	22980000
1	22990000
1	23000000
1	23010000
1	23020000
1	23030000
1	23040000
1	23050000
1	23060000
1	23070000
1	23080000
1	23090000
1	23100000
1	23110000
1	23120000
1	23130000
1	23140000
1	23150000
1	23160000
1	23170000
1	23180000
1	23190000
1	23200000
1	23210000
1	23220000
1	23230000
1	23240000
1	23250000
1	23260000
1	23270000
1	23280000
1	23290000
1	23300000
1	23310000
1	23320000
1	23330000
1	23340000
1	23350000
1	23360000
1	23370000
1	23380000
1	23390000
1	23400000
1	23410000
1	23420000
1	23430000
1	23440000
1	23450000
1	23460000
1	23470000
1	23480000
1	23490000
1	23500000
1	23510000
1	23520000
1	23530000
1	23540000
1	23550000
1	23560000
1	23570000
1	23580000
1	23590000
1	23600000
1	23610000
1	23620000
1	23630000
1	23640000
1	23650000
1	23660000
1	23670000
1	23680000
1	23690000
1	23700000
1	23710000
1	23720000
1	23730000
1	23740000
1	23750000
1	23760000
1	23770000
1	23780000
1	23790000
1	23800000
1	23810000
1	23820000
1	23830000
1	23840000
1	23850000
1	23860000
1	23870000
1	23880000
1	23890000
1	23900000
1	23910000
1	23920000
1	23930000
1	23940000
1	23950000
1	23960000
1	23970000
1	23980000
1	23990000
1	24000000
1	24010000
1	24020000
1	24030000
1	24040000
1	24050000
1	24060000
1	24070000
1	24080000
1	24090000
1	24100000
1	24110000
1	24120000
1	24130000
1	24140000
1	24150000
1	24160000
1	24170000
1	24180000
1	24190000
1	24200000
1	24210000
1	24220000
1	24230000
1	24240000
1	24250000
1	24260000
1	24270000
1	24280000
1	24290000
1	24300000
1	24310000
1	24320000
1	24330000
1	24340000
1	24350000
1	24360000
1	24370000
1	24380000
1	24390000
1	24400000
1	24410000
1	24420000
1	24430000
1	24440000
1	24450000
1	24460000
1	24470000
1	24480000
1	24490000
1	24500000
1	24510000
1	24520000
1	24530000
1	24540000
1	24550000
1	24560000
1	24570000
1	24580000
1	24590000
1	24600000
1	24610000
1	24620000
1	24630000
1	24640000
1	24650000
1	24660000
1	24670000
1	24680000
1	24690000
1	24700000
1	24710000
1	24720000
1	24730000
1	24740000
1	24750000
1	24760000
1	24770000
1	24780000
1	24790000
1	24800000
1	24810000
1	24820000
1	24830000
1	24840000
1	24850000
1	24860000
1	24870000
1	24880000
1	24890000
1	24900000
1	24910000
1	24920000
1	24930000
1	24940000
1	24950000
1	24960000
1	24970000
1	24980000
1	24990000
1	25000000
1	25010000
1	25020000
1	25030000
1	25040000
1	25050000
1	25060000
1	25070000
1	25080000
1	25090000
1	25100000
1	25110000
1	25120000
1	25130000
1	25140000
1	25150000
1	25160000
1	25170000
1	25180000
1	25190000
1	25200000
1	25210000
1	25220000
1	25230000
1	25240000
1	25250000
1	25260000
1	25270000
1	25280000
1	25290000
1	25300000
1	25310000
1	25320000
1	25330000
1	25340000
1	25350000
1	25360000
1	25370000
1	25380000
1	25390000
1	25400000
1	25410000
1	25420000
1	25430000
1	25440000
1	25450000
1	25460000
1	25470000
1	25480000
1	25490000
1	25500000
1	25510000
1	25520000
1	25530000
1	25540000
1	25550000
1	25560000
1	25570000
1	25580000
1	25590000
1	25600000
1	25610000
1	25620000
1	25630000
1	25640000
1	25650000
1	25660000
1	25670000
1	25680000
1	25690000
1	25700000
1	25710000
1	25720000
1	25730000
1	25740000
1	25750000
1	25760000
1	25770000
1	25780000
1	25790000
1	25800000
1	25810000
1	25820000
1	25830000
1	25840000
1	25850000
1	25860000
1	25870000
1	25880000
1	25890000
1	25900000
1	25910000
1	25920000
1	25930000
1	25940000
1	25950000
1	25960000
1	25970000
1	25980000
1	25990000
1	26000000
1	26010000
1	26020000
1	26030000
1	26040000
1	26050000
1	26060000
1	26070000
1	26080000
1	26090000
1	26100000
1	26110000
1	26120000
1	26130000
1	26140000
1	26150000
1	26160000
1	26170000
1	26180000
1	26190000
1	26200000
1	26210000
1	26220000
1	26230000
1	26240000
1	26250000
1	26260000
1	26270000
1	26280000
1	26290000
1	26300000
1	26310000
1	26320000
1	26330000
1	26340000
1	26350000
1	26360000
1	26370000
1	26380000
1	26390000
1	26400000
1	26410000
1	26420000
1	26430000
1	26440000
1	26450000
1	26460000
1	26470000
1	26480000
1	26490000
1	26500000
1	26510000
1	26520000
1	26530000
1	26540000
1	26550000
1	26560000
1	26570000
1	26580000
1	26590000
1	26600000
1	26610000
1	26620000
1	26630000
1	26640000
1	26650000
1	26660000
1	26670000
1	26680000
1	26690000
1	26700000
1	26710000
1	26720000
1	26730000
1	26740000
1	26750000
1	26760000
1	26770000
1	26780000
1	26790000
1	26800000
1	26810000
1	26820000
1	26830000
1	26840000
1	26850000
1	26860000
1	26870000
1	26880000
1	26890000
1	26900000
1	26910000
1	26920000
1	26930000
1	26940000
1	26950000
1	26960000
1	26970000
1	26980000
1	26990000
1	27000000
1	27010000
1	27020000
1	27030000
1	27040000
1	27050000
1	27060000
1	27070000
1	27080000
1	27090000
1	27100000
1	27110000
1	27120000
1	27130000
1	27140000
1	27150000
1	27160000
1	27170000
1	27180000
1	27190000
1	27200000
1	27210000
1	27220000
1	27230000
1	27240000
1	27250000
1	27260000
1	27270000
1	27280000
1	27290000
1	27300000
1	27310000
1	27320000
1	27330000
1	27340000
1	27350000
1	27360000
1	27370000
1	27380000
1	27390000
1	27400000
1	27410000
1	27420000
1	27430000
1	27440000
1	27450000
1	27460000
1	27470000
1	27480000
1	27490000
1	27500000
1	27510000
1	27520000
1	27530000
1	27540000
1	27550000
1	27560000
1	27570000
1	27580000
1	27590000
1	27600000
1	27610000
1	27620000
1	27630000
1	27640000
1	27650000
1	27660000
1	27670000
1	27680000
1	27690000
1	27700000
1	27710000
1	27720000
1	27730000
1	27740000
1	27750000
1	27760000
1	27770000
1	27780000
1	27790000
1	27800000
1	27810000
1	27820000
1	27830000
1	27840000
1	27850000
1	27860000
1	27870000
1	27880000
1	27890000
1	27900000
1	27910000
1	27920000
1	27930000
1	27940000
1	27950000
1	27960000
1	27970000
1	27980000
1	27990000
1	28000000
1	28010000
1	28020000
1	28030000
1	28040000
1	28050000
1	28060000
1	28070000
1	28080000
1	28090000
1	28100000
1	28110000
1	28120000
1	28130000
1	28140000
1	28150000
1	28160000
1	28170000
1	28180000
1	28190000
1	28200000
1	28210000
1	28220000
1	28230000
1	28240000
1	28250000
1	28260000
1	28270000
1	28280000
1	28290000
1	28300000
1	28310000
1	28320000
1	28330000
1	28340000
1	28350000
1	28360000
1	28370000
1	28380000
1	28390000
1	28400000
1	28410000
1	28420000
1	28430000
1	28440000
1	28450000
1	28460000
1	28470000
1	28480000
1	28490000
1	28500000
1	28510000
1	28520000
1	28530000
1	28540000
1	28550000
1	28560000
1	28570000
1	28580000
1	28590000
1	28600000
1	28610000
1	28620000
1	28630000
1	28640000
1	28650000
1	28660000
1	28670000
1	28680000
1	28690000
1	28700000
1	28710000
1	28720000
1	28730000
1	28740000
1	28750000
1	28760000
1	28770000
1	28780000
1	28790000
1	28800000
1	28810000
1	28820000
1	28830000
1	28840000
1	28850000
1	28860000
1	28870000
1	28880000
1	28890000
1	28900000
1	28910000
1	28920000
1	28930000
1	28940000
1	28950000
1	28960000
1	28970000
1	28980000
1	28990000
1	29000000
1	29010000
1	29020000
1	29030000
1	29040000
1	29050000
1	29060000
1	29070000
1	29080000
1	29090000
1	29100000
1	29110000
1	29120000
1	29130000
1	29140000
1	29150000
1	29160000
1	29170000
1	29180000
1	29190000
1	29200000
1	29210000
1	29220000
1	29230000
1	29240000
1	29250000
1	29260000
1	29270000
1	29280000
1	29290000
1	29300000
1	29310000
1	29320000
1	29330000
1	29340000
1	29350000
1	29360000
1	29370000
1	29380000
1	29390000
1	29400000
1	29410000
1	29420000
1	29430000
1	29440000
1	29450000
1	29460000
1	29470000
1	29480000
1	29490000
1	29500000
1	29510000
1	29520000
1	29530000
1	29540000
1	29550000
1	29560000
1	29570000
1	29580000
1	29590000
1	29600000
1	29610000
1	29620000
1	29630000
1	29640000
1	29650000
1	29660000
1	29670000
1	29680000
1	29690000
1	29700000
1	29710000
1	29720000
1	29730000
1	29740000
1	29750000
1	29760000
1	29770000
1	29780000
1	29790000
1	29800000
1	29810000
1	29820000
1	29830000
1	29840000
1	29850000
1	29860000
1	29870000
1	29880000
1	29890000
1	29900000
1	29910000
1	29920000
1	29930000
1	29940000
1	29950000
1	29960000
1	29970000
1	29980000
1	29990000
1	30000000
1	30010000
1	30020000
1	30030000
1	30040000
1	30050000
1	30060000
1	30070000
1	30080000
1	30090000
1	30100000
1	30110000
1	30120000
1	30130000
1	30140000
1	30150000
1	30160000
1	30170000
1	30180000
1	30190000
1	30200000
1	30210000
1	30220000
1	30230000
1	30240000
1	30250000
1	30260000
1	30270000
1	30280000
1	30290000
1	30300000
1	30310000
1	30320000
1	30330000
1	30340000
1	30350000
1	30360000
1	30370000
1	30380000
1	30390000
1	30400000
1	30410000
1	30420000
1	30430000
1	30440000
1	30450000
1	30460000
1	30470000
1	30480000
1	30490000
1	30500000
1	30510000
1	30520000
1	30530000
1	30540000
1	30550000
1	30560000
1	30570000
1	30580000
1	30590000
1	30600000
1	30610000
1	30620000
1	30630000
1	30640000
1	30650000
1	30660000
1	30670000
1	30680000
1	30690000
1	30700000
1	30710000
1	30720000
1	30730000
1	30740000
1	30750000
1	30760000
1	30770000
1	30780000
1	30790000
1	30800000
1	30810000
1	30820000
1	30830000
1	30840000
1	30850000
1	30860000
1	30870000
1	30880000
1	30890000
1	30900000
1	30910000
1	30920000
1	30930000
1	30940000
1	30950000
1	30960000
1	30970000
1	30980000
1	30990000
1	31000000
1	31010000
1	31020000
1	31030000
1	31040000
1	31050000
1	31060000
1	31070000
1	31080000
1	31090000
1	31100000
1	31110000
1	31120000
1	31130000
1	31140000
1	31150000
1	31160000
1	31170000
1	31180000
1	31190000
1	31200000
1	31210000
1	31220000
1	31230000
1	31240000
1	31250000
1	31260000
1	31270000
1	31280000
1	31290000
1	31300000
1	31310000
1	31320000
1	31330000
1	31340000
1	31350000
1	31360000
1	31370000
1	31380000
1	31390000
1	31400000
1	31410000
1	31420000
1	31430000
1	31440000
1	31450000
1	31460000
1	31470000
1	31480000
1	31490000
1	31500000
1	31510000
1	31520000
1	31530000
1	31540000
1	31550000
1	31560000
1	31570000
1	31580000
1	31590000
1	31600000
1	31610000
1	31620000
1	31630000
1	31640000
1	31650000
1	31660000
1	31670000
1	31680000
1	31690000
1	31700000
1	31710000
1	31720000
1	31730000
1	31740000
1	31750000
1	31760000
1	31770000
1	31780000
1	31790000
1	31800000
1	31810000
1	31820000
1	31830000
1	31840000
1	31850000
1	31860000
1	31870000
1	31880000
1	31890000
1	31900000
1	31910000
1	31920000
1	31930000
1	31940000
1	31950000
1	31960000
1	31970000
1	31980000
1	31990000
1	32000000
1	32010000
1	32020000
1	32030000
1	32040000
1	32050000
1	32060000
1	32070000
1	32080000
1	32090000
1	32100000
1	32110000
1	32120000
1	32130000
1	32140000
1	32150000
1	32160000
1	32170000
1	32180000
1	32190000
1	32200000
1	32210000
1	32220000
1	32230000
1	32240000
1	32250000
1	32260000
1	32270000
1	32280000
1	32290000
1	32300000
1	32310000
1	32320000
1	32330000
1	32340000
1	32350000
1	32360000
1	32370000
1	32380000
1	32390000
1	32400000
1	32410000
1	32420000
1	32430000
1	32440000
1	32450000
1	32460000
1	32470000
1	32480000
1	32490000
1	32500000
1	32510000
1	32520000
1	32530000
1	32540000
1	32550000
1	32560000
1	32570000
1	32580000
1	32590000
1	32600000
1	32610000
1	32620000
1	32630000
1	32640000
1	32650000
1	32660000
1	32670000
1	32680000
1	32690000
1	32700000
1	32710000
1	32720000
1	32730000
1	32740000
1	32750000
1	32760000
1	32770000
1	32780000
1	32790000
1	32800000
1	32810000
1	32820000
1	32830000
1	32840000
1	32850000
1	32860000
1	32870000
1	32880000
1	32890000
1	32900000
1	32910000
1	32920000
1	32930000
1	32940000
1	32950000
1	32960000
1	32970000
1	32980000
1	32990000
1	33000000
1	33010000
1	33020000
1	33030000
1	33040000
1	33050000
1	33060000
1	33070000
1	33080000
1	33090000
1	33100000
1	33110000
1	33120000
1	33130000
1	33140000
1	33150000
1	33160000
1	33170000
1	33180000
1	33190000
1	33200000
1	33210000
1	33220000
1	33230000
1	33240000
1	33250000
1	33260000
1	33270000
1	33280000
1	33290000
1	33300000
1	33310000
1	33320000
1	33330000
1	33340000
1	33350000
1	33360000
1	33370000
1	33380000
1	33390000
1	33400000
1	33410000
1	33420000
1	33430000
1	33440000
1	33450000
1	33460000
1	33470000
1	33480000
1	33490000
1	33500000
1	33510000
1	33520000
1	33530000
1	33540000
1	33550000
1	33560000
1	33570000
1	33580000
1	33590000
1	33600000
1	33610000
1	33620000
1	33630000
1	33640000
1	33650000
1	33660000
1	33670000
1	33680000
1	33690000
1	33700000
1	33710000
1	33720000
1	33730000
1	33740000
1	33750000
1	33760000
1	33770000
1	33780000
1	33790000
1	33800000
1	33810000
1	33820000
1	33830000
1	33840000
1	33850000
1	33860000
1	33870000
1	33880000
1	33890000
1	33900000
1	33910000
1	33920000
1	33930000
1	33940000
1	33950000
1	33960000
1	33970000
1	33980000
1	33990000
1	34000000
1	34010000
1	34020000
1	34030000
1	34040000
1	34050000
1	34060000
1	34070000
1	34080000
1	34090000
1	34100000
1	34110000
1	34120000
1	34130000
1	34140000
1	34150000
1	34160000
1	34170000
1	34180000
1	34190000
1	34200000
1	34210000
1	34220000
1	34230000
1	34240000
1	34250000
1	34260000
1	34270000
1	34280000
1	34290000
1	34300000
1	34310000
1	34320000
1	34330000
1	34340000
1	34350000
1	34360000
1	34370000
1	34380000
1	34390000
1	34400000
1	34410000
1	34420000
1	34430000
1	34440000
1	34450000
1	34460000
1	34470000
1	34480000
1	34490000
1	34500000
1	34510000
1	34520000
1	34530000
1	34540000
1	34550000
1	34560000
1	34570000
1	34580000
1	34590000
1	34600000
1	34610000
1	34620000
1	34630000
1	34640000
1	34650000
1	34660000
1	34670000
1	34680000
1	34690000
1	34700000
1	34710000
1	34720000
1	34730000
1	34740000
1	34750000
1	34760000
1	34770000
1	34780000
1	34790000
1	34800000
1	34810000
1	34820000
1	34830000
1	34840000
1	34850000
1	34860000
1	34870000
1	34880000
1	34890000
1	34900000
1	34910000
1	34920000
1	34930000
1	34940000
1	34950000
1	34960000
1	34970000
1	34980000
1	34990000
1	35000000
1	35010000
1	35020000
1	35030000
1	35040000
1	35050000
1	35060000
1	35070000
1	35080000
1	35090000
1	35100000
1	35110000
1	35120000
1	35130000
1	35140000
1	35150000
1	35160000
1	35170000
1	35180000
1	35190000
1	35200000
1	35210000
1	35220000
1	35230000
1	35240000
1	35250000
1	35260000
1	35270000
1	35280000
1	35290000
1	35300000
1	35310000
1	35320000
1	35330000
1	35340000
1	35350000
1	35360000
1	35370000
1	35380000
1	35390000
1	35400000
1	35410000
1	35420000
1	35430000
1	35440000
1	35450000
1	35460000
1	35470000
1	35480000
1	35490000
1	35500000
1	35510000
1	35520000
1	35530000
1	35540000
1	35550000
1	35560000
1	35570000
1	35580000
1	35590000
1	35600000
1	35610000
1	35620000
1	35630000
1	35640000
1	35650000
1	35660000
1	35670000
1	35680000
1	35690000
1	35700000
1	35710000
1	35720000
1	35730000
1	35740000
1	35750000
1	35760000
1	35770000
1	35780000
1	35790000
1	35800000
1	35810000
1	35820000
1	35830000
1	35840000
1	35850000
1	35860000
1	35870000
1	35880000
1	35890000
1	35900000
1	35910000
1	35920000
1	35930000
1	35940000
1	35950000
1	35960000
1	35970000
1	35980000
1	35990000
1	36000000
1	36010000
1	36020000
1	36030000
1	36040000
1	36050000
1	36060000
1	36070000
1	36080000
1	36090000
1	36100000
1	36110000
1	36120000
1	36130000
1	36140000
1	36150000
1	36160000
1	36170000
1	36180000
1	36190000
1	36200000
1	36210000
1	36220000
1	36230000
1	36240000
1	36250000
1	36260000
1	36270000
1	36280000
1	36290000
1	36300000
1	36310000
1	36320000
1	36330000
1	36340000
1	36350000
1	36360000
1	36370000
1	36380000
1	36390000
1	36400000
1	36410000
1	36420000
1	36430000
1	36440000
1	36450000
1	36460000
1	36470000
1	36480000
1	36490000
1	36500000
1	36510000
1	36520000
1	36530000
1	36540000
1	36550000
1	36560000
1	36570000
1	36580000
1	36590000
1	36600000
1	36610000
1	36620000
1	36630000
1	36640000
1	36650000
1	36660000
1	36670000
1	36680000
1	36690000
1	36700000
1	36710000
1	36720000
1	36730000
1	36740000
1	36750000
1	36760000
1	36770000
1	36780000
1	36790000
1	36800000
1	36810000
1	36820000
1	36830000
1	36840000
1	36850000
1	36860000
1	36870000
1	36880000
1	36890000
1	36900000
1	36910000
1	36920000
1	36930000
1	36940000
1	36950000
1	36960000
1	36970000
1	36980000
1	36990000
1	37000000
1	37010000
1	37020000
1	37030000
1	37040000
1	37050000
1	37060000
1	37070000
1	37080000
1	37090000
1	37100000
1	37110000
1	37120000
1	37130000
1	37140000
1	37150000
1	37160000
1	37170000
1	37180000
1	37190000
1	37200000
1	37210000
1	37220000
1	37230000
1	37240000
1	37250000
1	37260000
1	37270000
1	37280000
1	37290000
1	37300000
1	37310000
1	37320000
1	37330000
1	37340000
1	37350000
1	37360000
1	37370000
1	37380000
1	37390000
1	37400000
1	37410000
1	37420000
1	37430000
1	37440000
1	37450000
1	37460000
1	37470000
1	37480000
1	37490000
1	37500000
1	37510000
1	37520000
1	37530000
1	37540000
1	37550000
1	37560000
1	37570000
1	37580000
1	37590000
1	37600000
1	37610000
1	37620000
1	37630000
1	37640000
1	37650000
1	37660000
1	37670000
1	37680000
1	37690000
1	37700000
1	37710000
1	37720000
1	37730000
1	37740000
1	37750000
1	37760000
1	37770000
1	37780000
1	37790000
1	37800000
1	37810000
1	37820000
1	37830000
1	37840000
1	37850000
1	37860000
1	37870000
1	37880000
1	37890000
1	37900000
1	37910000
1	37920000
1	37930000
1	37940000
1	37950000
1	37960000
1	37970000
1	37980000
1	37990000
1	38000000
1	38010000
1	38020000
1	38030000
1	38040000
1	38050000
1	38060000
1	38070000
1	38080000
1	38090000
1	38100000
1	38110000
1	38120000
1	38130000
1	38140000
1	38150000
1	38160000
1	38170000
1	38180000
1	38190000
1	38200000
1	38210000
1	38220000
1	38230000
1	38240000
1	38250000
1	38260000
1	38270000
1	38280000
1	38290000
1	38300000
1	38310000
1	38320000
1	38330000
1	38340000
1	38350000
1	38360000
1	38370000
1	38380000
1	38390000
1	38400000
1	38410000
1	38420000
1	38430000
1	38440000
1	38450000
1	38460000
1	38470000
1	38480000
1	38490000
1	38500000
1	38510000
1	38520000
1	38530000
1	38540000
1	38550000
1	38560000
1	38570000
1	38580000
1	38590000
1	38600000
1	38610000
1	38620000
1	38630000
1	38640000
1	38650000
1	38660000
1	38670000
1	38680000
1	38690000
1	38700000
1	38710000
1	38720000
1	38730000
1	38740000
1	38750000
1	38760000
1	38770000
1	38780000
1	38790000
1	38800000
1	38810000
1	38820000
1	38830000
1	38840000
1	38850000
1	38860000
1	38870000
1	38880000
1	38890000
1	38900000
1	38910000
1	38920000
1	38930000
1	38940000
1	38950000
1	38960000
1	38970000
1	38980000
1	38990000
1	39000000
1	39010000
1	39020000
1	39030000
1	39040000
1	39050000
1	39060000
1	39070000
1	39080000
1	39090000
1	39100000
1	39110000
1	39120000
1	39130000
1	39140000
1	39150000
1	39160000
1	39170000
1	39180000
1	39190000
1	39200000
1	39210000
1	39220000
1	39230000
1	39240000
1	39250000
1	39260000
1	39270000
1	39280000
1	39290000
1	39300000
1	39310000
1	39320000
1	39330000
1	39340000
1	39350000
1	39360000
1	39370000
1	39380000
1	39390000
1	39400000
1	39410000
1	39420000
1	39430000
1	39440000
1	39450000
1	39460000
1	39470000
1	39480000
1	39490000
1	39500000
1	39510000
1	39520000
1	39530000
1	39540000
1	39550000
1	39560000
1	39570000
1	39580000
1	39590000
1	39600000
1	39610000
1	39620000
1	39630000
1	39640000
1	39650000
1	39660000
1	39670000
1	39680000
1	39690000
1	39700000
1	39710000
1	39720000
1	39730000
1	39740000
1	39750000
1	39760000
1	39770000
1	39780000
1	39790000
1	39800000
1	39810000
1	39820000
1	39830000
1	39840000
1	39850000
1	39860000
1	39870000
1	39880000
1	39890000
1	39900000
1	39910000
1	39920000
1	39930000
1	39940000
1	39950000
1	39960000
1	39970000
1	39980000
1	39990000
1	40000000
1	40010000
1	40020000
1	40030000
1	40040000
1	40050000
1	40060000
1	40070000
1	40080000
1	40090000
1	40100000
1	40110000
1	40120000
1	40130000
1	40140000
1	40150000
1	40160000
1	40170000
1	40180000
1	40190000
1	40200000
1	40210000
1	40220000
1	40230000
1	40240000
1	40250000
1	40260000
1	40270000
1	40280000
1	40290000
1	40300000
1	40310000
1	40320000
1	40330000
1	40340000
1	40350000
1	40360000
1	40370000
1	40380000
1	40390000
1	40400000
1	40410000
1	40420000
1	40430000
1	40440000
1	40450000
1	40460000
1	40470000
1	40480000
1	40490000
1	40500000
1	40510000
1	40520000
1	40530000
1	40540000
1	40550000
1	40560000
1	40570000
1	40580000
1	40590000
1	40600000
1	40610000
1	40620000
1	40630000
1	40640000
1	40650000
1	40660000
1	40670000
1	40680000
1	40690000
1	40700000
1	40710000
1	40720000
1	40730000
1	40740000
1	40750000
1	40760000
1	40770000
1	40780000
1	40790000
1	40800000
1	40810000
1	40820000
1	40830000
1	40840000
1	40850000
1	40860000
1	40870000
1	40880000
1	40890000
1	40900000
1	40910000
1	40920000
1	40930000
1	40940000
1	40950000
1	40960000
1	40970000
1	40980000
1	40990000
1	41000000
1	41010000
1	41020000
1	41030000
1	41040000
1	41050000
1	41060000
1	41070000
1	41080000
1	41090000
1	41100000
1	41110000
1	41120000
1	41130000
1	41140000
1	41150000
1	41160000
1	41170000
1	41180000
1	41190000
1	41200000
1	41210000
1	41220000
1	41230000
1	41240000
1	41250000
1	41260000
1	41270000
1	41280000
1	41290000
1	41300000
1	41310000
1	41320000
1	41330000
1	41340000
1	41350000
1	41360000
1	41370000
1	41380000
1	41390000
1	41400000
1	41410000
1	41420000
1	41430000
1	41440000
1	41450000
1	41460000
1	41470000
1	41480000
1	41490000
1	41500000
1	41510000
1	41520000
1	41530000
1	41540000
1	41550000
1	41560000
1	41570000
1	41580000
1	41590000
1	41600000
1	41610000
1	41620000
1	41630000
1	41640000
1	41650000
1	41660000
1	41670000
1	41680000
1	41690000
1	41700000
1	41710000
1	41720000
1	41730000
1	41740000
1	41750000
1	41760000
1	41770000
1	41780000
1	41790000
1	41800000
1	41810000
1	41820000
1	41830000
1	41840000
1	41850000
1	41860000
1	41870000
1	41880000
1	41890000
1	41900000
1	41910000
1	41920000
1	41930000
1	41940000
1	41950000
1	41960000
1	41970000
1	41980000
1	41990000
1	42000000
1	42010000
1	42020000
1	42030000
1	42040000
1	42050000
1	42060000
1	42070000
1	42080000
1	42090000
1	42100000
1	42110000
1	42120000
1	42130000
1	42140000
1	42150000
1	42160000
1	42170000
1	42180000
1	42190000
1	42200000
1	42210000
1	42220000
1	42230000
1	42240000
1	42250000
1	42260000
1	42270000
1	42280000
1	42290000
1	42300000
1	42310000
1	42320000
1	42330000
1	42340000
1	42350000
1	42360000
1	42370000
1	42380000
1	42390000
1	42400000
1	42410000
1	42420000
1	42430000
1	42440000
1	42450000
1	42460000
1	42470000
1	42480000
1	42490000
1	42500000
1	42510000
1	42520000
1	42530000
1	42540000
1	42550000
1	42560000
1	42570000
1	42580000
1	42590000
1	42600000
1	42610000
1	42620000
1	42630000
1	42640000
1	42650000
1	42660000
1	42670000
1	42680000
1	42690000
1	42700000
1	42710000
1	42720000
1	42730000
1	42740000
1	42750000
1	42760000
1	42770000
1	42780000
1	42790000
1	42800000
1	42810000
1	42820000
1	42830000
1	42840000
1	42850000
1	42860000
1	42870000
1	42880000
1	42890000
1	42900000
1	42910000
1	42920000
1	42930000
1	42940000
1	42950000
1	42960000
1	42970000
1	42980000
1	42990000
1	43000000
1	43010000
1	43020000
1	43030000
1	43040000
1	43050000
1	43060000
1	43070000
1	43080000
1	43090000
1	43100000
1	43110000
1	43120000
1	43130000
1	43140000
1	43150000
1	43160000
1	43170000
1	43180000
1	43190000
1	43200000
1	43210000
1	43220000
1	43230000
1	43240000
1	43250000
1	43260000
1	43270000
1	43280000
1	43290000
1	43300000
1	43310000
1	43320000
1	43330000
1	43340000
1	43350000
1	43360000
1	43370000
1	43380000
1	43390000
1	43400000
1	43410000
1	43420000
1	43430000
1	43440000
1	43450000
1	43460000
1	43470000
1	43480000
1	43490000
1	43500000
1	43510000
1	43520000
1	43530000
1	43540000
1	43550000
1	43560000
1	43570000
1	43580000
1	43590000
1	43600000
1	43610000
1	43620000
1	43630000
1	43640000
1	43650000
1	43660000
1	43670000
1	43680000
1	43690000
1	43700000
1	43710000
1	43720000
1	43730000
1	43740000
1	43750000
1	43760000
1	43770000
1	43780000
1	43790000
1	43800000
1	43810000
1	43820000
1	43830000
1	43840000
1	43850000
1	43860000
1	43870000
1	43880000
1	43890000
1	43900000
1	43910000
1	43920000
1	43930000
1	43940000
1	43950000
1	43960000
1	43970000
1	43980000
1	43990000
1	44000000
1	44010000
1	44020000
1	44030000
1	44040000
1	44050000
1	44060000
1	44070000
1	44080000
1	44090000
1	44100000
1	44110000
1	44120000
1	44130000
1	44140000
1	44150000
1	44160000
1	44170000
1	44180000
1	44190000
1	44200000
1	44210000
1	44220000
1	44230000
1	44240000
1	44250000
1	44260000
1	44270000
1	44280000
1	44290000
1	44300000
1	44310000
1	44320000
1	44330000
1	44340000
1	44350000
1	44360000
1	44370000
1	44380000
1	44390000
1	44400000
1	44410000
1	44420000
1	44430000
1	44440000
1	44450000
1	44460000
1	44470000
1	44480000
1	44490000
1	44500000
1	44510000
1	44520000
1	44530000
1	44540000
1	44550000
1	44560000
1	44570000
1	44580000
1	44590000
1	44600000
1	44610000
1	44620000
1	44630000
1	44640000
1	44650000
1	44660000
1	44670000
1	44680000
1	44690000
1	44700000
1	44710000
1	44720000
1	44730000
1	44740000
1	44750000
1	44760000
1	44770000
1	44780000
1	44790000
1	44800000
1	44810000
1	44820000
1	44830000
1	44840000
1	44850000
1	44860000
1	44870000
1	44880000
1	44890000
1	44900000
1	44910000
1	44920000
1	44930000
1	44940000
1	44950000
1	44960000
1	44970000
1	44980000
1	44990000
1	45000000
1	45010000
1	45020000
1	45030000
1	45040000
1	45050000
1	45060000
1	45070000
1	45080000
1	45090000
1	45100000
1	45110000
1	45120000
1	45130000
1	45140000
1	45150000
1	45160000
1	45170000
1	45180000
1	45190000
1	45200000
1	45210000
1	45220000
1	45230000
1	45240000
1	45250000
1	45260000
1	45270000
1	45280000
1	45290000
1	45300000
1	45310000
1	45320000
1	45330000
1	45340000
1	45350000
1	45360000
1	45370000
1	45380000
1	45390000
1	45400000
1	45410000
1	45420000
1	45430000
1	45440000
1	45450000
1	45460000
2	10000
2	20000
2	30000
2	40000
2	50000
2	60000
2	70000
2	80000
2	90000
2	100000
2	110000
2	120000
2	130000
2	140000
2	150000
2	160000
2	170000
2	180000
2	190000
2	200000
2	210000
2	220000
2	230000
2	240000
2	250000
2	260000
2	270000
2	280000
2	290000
2	300000
2	310000
2	320000
2	330000
2	340000
2	350000
2	360000
2	370000
2	380000
2	390000
2	400000
2	410000
2	420000
2	430000
2	440000
2	450000
2	460000
2	470000
2	480000
2	490000
2	500000
2	510000
2	520000
2	530000
2	540000
2	550000
2	560000
2	570000
2	580000
2	590000
2	600000
2	610000
2	620000
2	630000
2	640000
2	650000
2	660000
2	670000
2	680000
2	690000
2	700000
2	710000
2	720000
2	730000
2	740000
2	750000
2	760000
2	770000
2	780000
2	790000
2	800000
2	810000
2	820000
2	830000
2	840000
2	850000
2	860000
2	870000
2	880000
2	890000
2	900000
2	910000
2	920000
2	930000
2	940000
2	950000
2	960000
2	970000
2	980000
2	990000
2	1000000
2	1010000
2	1020000
2	1030000
2	1040000
2	1050000
2	1060000
2	1070000
2	1080000
2	1090000
2	1100000
2	1110000
2	1120000
2	1130000
2	1140000
2	1150000
2	1160000
2	1170000
2	1180000
2	1190000
2	1200000
2	1210000
2	1220000
2	1230000
2	1240000
2	1250000
2	1260000
2	1270000
2	1280000
2	1290000
2	1300000
2	1310000
2	1320000
2	1330000
2	1340000
2	1350000
2	1360000
2	1370000
2	1380000
2	1390000
2	1400000
2	1410000
2	1420000
2	1430000
2	1440000
2	1450000
2	1460000
2	1470000
2	1480000
2	1490000
2	1500000
2	1510000
2	1520000
2	1530000
2	1540000
2	1550000
2	1560000
2	1570000
2	1580000
2	1590000
2	1600000
2	1610000
2	1620000
2	1630000
2	1640000
2	1650000
2	1660000
2	1670000
2	1680000
2	1690000
2	1700000
2	1710000
2	1720000
2	1730000
2	1740000
2	1750000
2	1760000
2	1770000
2	1780000
2	1790000
2	1800000
2	1810000
2	1820000
2	1830000
2	1840000
2	1850000
2	1860000
2	1870000
2	1880000
2	1890000
2	1900000
2	1910000
2	1920000
2	1930000
2	1940000
2	1950000
2	1960000
2	1970000
2	1980000
2	1990000
2	2000000
2	2010000
2	2020000
2	2030000
2	2040000
2	2050000
2	2060000
2	2070000
2	2080000
2	2090000
2	2100000
2	2110000
2	2120000
2	2130000
2	2140000
2	2150000
2	2160000
2	2170000
2	2180000
2	2190000
2	2200000
2	2210000
2	2220000
2	2230000
2	2240000
2	2250000
2	2260000
2	2270000
2	2280000
2	2290000
2	2300000
2	2310000
2	2320000
2	2330000
2	2340000
2	2350000
2	2360000
2	2370000
2	2380000
2	2390000
2	2400000
2	2410000
2	2420000
2	2430000
2	2440000
2	2450000
2	2460000
2	2470000
2	2480000
2	2490000
2	2500000
2	2510000
2	2520000
2	2530000
2	2540000
2	2550000
2	2560000
2	2570000
2	2580000
2	2590000
2	2600000
2	2610000
2	2620000
2	2630000
2	2640000
2	2650000
2	2660000
2	2670000
2	2680000
2	2690000
2	2700000
2	2710000
2	2720000
2	2730000
2	2740000
2	2750000
2	2760000
2	2770000
2	2780000
2	2790000
2	2800000
2	2810000
2	2820000
2	2830000
2	2840000
2	2850000
2	2860000
2	2870000
2	2880000
2	2890000
2	2900000
2	2910000
2	2920000
2	2930000
2	2940000
2	2950000
2	2960000
2	2970000
2	2980000
2	2990000
2	3000000
2	3010000
2	3020000
2	3030000
2	3040000
2	3050000
2	3060000
2	3070000
2	3080000
2	3090000
2	3100000
2	3110000
2	3120000
2	3130000
2	3140000
2	3150000
2	3160000
2	3170000
2	3180000
2	3190000
2	3200000
2	3210000
2	3220000
2	3230000
2	3240000
2	3250000
2	3260000
2	3270000
2	3280000
2	3290000
2	3300000
2	3310000
2	3320000
2	3330000
2	3340000
2	3350000
2	3360000
2	3370000
2	3380000
2	3390000
2	3400000
2	3410000
2	3420000
2	3430000
2	3440000
2	3450000
2	3460000
2	3470000
2	3480000
2	3490000
2	3500000
2	3510000
2	3520000
2	3530000
2	3540000
2	3550000
2	3560000
2	3570000
2	3580000
2	3590000
2	3600000
2	3610000
2	3620000
2	3630000
2	3640000
2	3650000
2	3660000
2	3670000
2	3680000
2	3690000
2	3700000
2	3710000
2	3720000
2	3730000
2	3740000
2	3750000
2	3760000
2	3770000
2	3780000
2	3790000
2	3800000
2	3810000
2	3820000
2	3830000
2	3840000
2	3850000
2	3860000
2	3870000
2	3880000
2	3890000
2	3900000
2	3910000
2	3920000
2	3930000
2	3940000
2	3950000
2	3960000
2	3970000
2	3980000
2	3990000
2	4000000
2	4010000
2	4020000
2	4030000
2	4040000
2	4050000
2	4060000
2	4070000
2	4080000
2	4090000
2	4100000
2	4110000
2	4120000
2	4130000
2	4140000
2	4150000
2	4160000
2	4170000
2	4180000
2	4190000
2	4200000
2	4210000
2	4220000
2	4230000
2	4240000
2	4250000
2	4260000
2	4270000
2	4280000
2	4290000
2	4300000
2	4310000
2	4320000
2	4330000
2	4340000
2	4350000
2	4360000
2	4370000
2	4380000
2	4390000
2	4400000
2	4410000
2	4420000
2	4430000
2	4440000
2	4450000
2	4460000
2	4470000
2	4480000
2	4490000
2	4500000
2	4510000
2	4520000
2	4530000
2	4540000
2	4550000
2	4560000
2	4570000
2	4580000
2	4590000
2	4600000
2	4610000
2	4620000
2	4630000
2	4640000
2	4650000
2	4660000
2	4670000
2	4680000
2	4690000
2	4700000
2	4710000
2	4720000
2	4730000
2	4740000
2	4750000
2	4760000
2	4770000
2	4780000
2	4790000
2	4800000
2	4810000
2	4820000
2	4830000
2	4840000
2	4850000
2	4860000
2	4870000
2	4880000
2	4890000
2	4900000
2	4910000
2	4920000
2	4930000
2	4940000
2	4950000
2	4960000
2	4970000
2	4980000
2	4990000
2	5000000
2	5010000
2	5020000
2	5030000
2	5040000
2	5050000
2	5060000
2	5070000
2	5080000
2	5090000
2	5100000
2	5110000
2	5120000
2	5130000
2	5140000
2	5150000
2	5160000
2	5170000
2	5180000
2	5190000
2	5200000
2	5210000
2	5220000
2	5230000
2	5240000
2	5250000
2	5260000
2	5270000
2	5280000
2	5290000
2	5300000
2	5310000
2	5320000
2	5330000
2	5340000
2	5350000
2	5360000
2	5370000
2	5380000
2	5390000
2	5400000
2	5410000
2	5420000
2	5430000
2	5440000
2	5450000
2	5460000
2	5470000
2	5480000
2	5490000
2	5500000
2	5510000
2	5520000
2	5530000
2	5540000
2	5550000
2	5560000
2	5570000
2	5580000
2	5590000
2	5600000
2	5610000
2	5620000
2	5630000
2	5640000
2	5650000
2	5660000
2	5670000
2	5680000
2	5690000
2	5700000
2	5710000
2	5720000
2	5730000
2	5740000
2	5750000
2	5760000
2	5770000
2	5780000
2	5790000
2	5800000
2	5810000
2	5820000
2	5830000
2	5840000
2	5850000
2	5860000
2	5870000
2	5880000
2	5890000
2	5900000
2	5910000
2	5920000
2	5930000
2	5940000
2	5950000
2	5960000
2	5970000
2	5980000
2	5990000
2	6000000
2	6010000
2	6020000
2	6030000
2	6040000
2	6050000
2	6060000
2	6070000
2	6080000
2	6090000
2	6100000
2	6110000
2	6120000
2	6130000
2	6140000
2	6150000
2	6160000
2	6170000
2	6180000
2	6190000
2	6200000
2	6210000
2	6220000
2	6230000
2	6240000
2	6250000
2	6260000
2	6270000
2	6280000
2	6290000
2	6300000
2	6310000
2	6320000
2	6330000
2	6340000
2	6350000
2	6360000
2	6370000
2	6380000
2	6390000
2	6400000
2	6410000
2	6420000
2	6430000
2	6440000
2	6450000
2	6460000
2	6470000
2	6480000
2	6490000
2	6500000
2	6510000
2	6520000
2	6530000
2	6540000
2	6550000
2	6560000
2	6570000
2	6580000
2	6590000
2	6600000
2	6610000
2	6620000
2	6630000
2	6640000
2	6650000
2	6660000
2	6670000
2	6680000
2	6690000
2	6700000
2	6710000
2	6720000
2	6730000
2	6740000
2	6750000
2	6760000
2	6770000
2	6780000
2	6790000
2	6800000
2	6810000
2	6820000
2	6830000
2	6840000
2	6850000
2	6860000
2	6870000
2	6880000
2	6890000
2	6900000
2	6910000
2	6920000
2	6930000
2	6940000
2	6950000
2	6960000
2	6970000
2	6980000
2	6990000
2	7000000
2	7010000
2	7020000
2	7030000
2	7040000
2	7050000
2	7060000
2	7070000
2	7080000
2	7090000
2	7100000
2	7110000
2	7120000
2	7130000
2	7140000
2	7150000
2	7160000
2	7170000
2	7180000
2	7190000
2	7200000
2	7210000
2	7220000
2	7230000
2	7240000
2	7250000
2	7260000
2	7270000
2	7280000
2	7290000
2	7300000
2	7310000
2	7320000
2	7330000
2	7340000
2	7350000
2	7360000
2	7370000
2	7380000
2	7390000
2	7400000
2	7410000
2	7420000
2	7430000
2	7440000
2	7450000
2	7460000
2	7470000
2	7480000
2	7490000
2	7500000
2	7510000
2	7520000
2	7530000
2	7540000
2	7550000
2	7560000
2	7570000
2	7580000
2	7590000
2	7600000
2	7610000
2	7620000
2	7630000
2	7640000
2	7650000
2	7660000
2	7670000
2	7680000
2	7690000
2	7700000
2	7710000
2	7720000
2	7730000
2	7740000
2	7750000
2	7760000
2	7770000
2	7780000
2	7790000
2	7800000
2	7810000
2	7820000
2	7830000
2	7840000
2	7850000
2	7860000
2	7870000
2	7880000
2	7890000
2	7900000
2	7910000
2	7920000
2	7930000
2	7940000
2	7950000
2	7960000
2	7970000
2	7980000
2	7990000
2	8000000
2	8010000
2	8020000
2	8030000
2	8040000
2	8050000
2	8060000
2	8070000
2	8080000
2	8090000
2	8100000
2	8110000
2	8120000
2	8130000
2	8140000
2	8150000
2	8160000
2	8170000
2	8180000
2	8190000
2	8200000
2	8210000
2	8220000
2	8230000
2	8240000
2	8250000
2	8260000
2	8270000
2	8280000
2	8290000
2	8300000
2	8310000
2	8320000
2	8330000
2	8340000
2	8350000
2	8360000
2	8370000
2	8380000
2	8390000
2	8400000
2	8410000
2	8420000
2	8430000
2	8440000
2	8450000
2	8460000
2	8470000
2	8480000
2	8490000
2	8500000
2	8510000
2	8520000
2	8530000
2	8540000
2	8550000
2	8560000
2	8570000
2	8580000
2	8590000
2	8600000
2	8610000
2	8620000
2	8630000
2	8640000
2	8650000
2	8660000
2	8670000
2	8680000
2	8690000
2	8700000
2	8710000
2	8720000
2	8730000
2	8740000
2	8750000
2	8760000
2	8770000
2	8780000
2	8790000
2	8800000
2	8810000
2	8820000
2	8830000
2	8840000
2	8850000
2	8860000
2	8870000
2	8880000
2	8890000
2	8900000
2	8910000
2	8920000
2	8930000
2	8940000
2	8950000
2	8960000
2	8970000
2	8980000
2	8990000
2	9000000
2	9010000
2	9020000
2	9030000
2	9040000
2	9050000
2	9060000
2	9070000
2	9080000
2	9090000
2	9100000
2	9110000
2	9120000
2	9130000
2	9140000
2	9150000
2	9160000
2	9170000
2	9180000
2	9190000
2	9200000
2	9210000
2	9220000
2	9230000
2	9240000
2	9250000
2	9260000
2	9270000
2	9280000
2	9290000
2	9300000
2	9310000
2	9320000
2	9330000
2	9340000
2	9350000
2	9360000
2	9370000
2	9380000
2	9390000
2	9400000
2	9410000
2	9420000
2	9430000
2	9440000
2	9450000
2	9460000
2	9470000
2	9480000
2	9490000
2	9500000
2	9510000
2	9520000
2	9530000
2	9540000
2	9550000
2	9560000
2	9570000
2	9580000
2	9590000
2	9600000
2	9610000
2	9620000
2	9630000
2	9640000
2	9650000
2	9660000
2	9670000
2	9680000
2	9690000
2	9700000
2	9710000
2	9720000
2	9730000
2	9740000
2	9750000
2	9760000
2	9770000
2	9780000
2	9790000
2	9800000
2	9810000
2	9820000
2	9830000
2	9840000
2	9850000
2	9860000
2	9870000
2	9880000
2	9890000
2	9900000
2	9910000
2	9920000
2	9930000
2	9940000
2	9950000
2	9960000
2	9970000
2	9980000
2	9990000
2	10000000
2	10010000
2	10020000
2	10030000
2	10040000
2	10050000
2	10060000
2	10070000
2	10080000
2	10090000
2	10100000
2	10110000
2	10120000
2	10130000
2	10140000
2	10150000
2	10160000
2	10170000
2	10180000
2	10190000
2	10200000
2	10210000
2	10220000
2	10230000
2	10240000
2	10250000
2	10260000
2	10270000
2	10280000
2	10290000
2	10300000
2	10310000
2	10320000
2	10330000
2	10340000
2	10350000
2	10360000
2	10370000
2	10380000
2	10390000
2	10400000
2	10410000
2	10420000
2	10430000
2	10440000
2	10450000
2	10460000
2	10470000
2	10480000
2	10490000
2	10500000
2	10510000
2	10520000
2	10530000
2	10540000
2	10550000
2	10560000
2	10570000
2	10580000
2	10590000
2	10600000
2	10610000
2	10620000
2	10630000
2	10640000
2	10650000
2	10660000
2	10670000
2	10680000
2	10690000
2	10700000
2	10710000
2	10720000
2	10730000
2	10740000
2	10750000
2	10760000
2	10770000
2	10780000
2	10790000
2	10800000
2	10810000
2	10820000
2	10830000
2	10840000
2	10850000
2	10860000
2	10870000
2	10880000
2	10890000
2	10900000
2	10910000
2	10920000
2	10930000
2	10940000
2	10950000
2	10960000
2	10970000
2	10980000
2	10990000
2	11000000
2	11010000
2	11020000
2	11030000
2	11040000
2	11050000
2	11060000
2	11070000
2	11080000
2	11090000
2	11100000
2	11110000
2	11120000
2	11130000
2	11140000
2	11150000
2	11160000
2	11170000
2	11180000
2	11190000
2	11200000
2	11210000
2	11220000
2	11230000
2	11240000
2	11250000
2	11260000
2	11270000
2	11280000
2	11290000
2	11300000
2	11310000
2	11320000
2	11330000
2	11340000
2	11350000
2	11360000
2	11370000
2	11380000
2	11390000
2	11400000
2	11410000
2	11420000
2	11430000
2	11440000
2	11450000
2	11460000
2	11470000
2	11480000
2	11490000
2	11500000
2	11510000
2	11520000
2	11530000
2	11540000
2	11550000
2	11560000
2	11570000
2	11580000
2	11590000
2	11600000
2	11610000
2	11620000
2	11630000
2	11640000
2	11650000
2	11660000
2	11670000
2	11680000
2	11690000
2	11700000
2	11710000
2	11720000
2	11730000
2	11740000
2	11750000
2	11760000
2	11770000
2	11780000
2	11790000
2	11800000
2	11810000
2	11820000
2	11830000
2	11840000
2	11850000
2	11860000
2	11870000
2	11880000
2	11890000
2	11900000
2	11910000
2	11920000
2	11930000
2	11940000
2	11950000
2	11960000
2	11970000
2	11980000
2	11990000
2	12000000
2	12010000
2	12020000
2	12030000
2	12040000
2	12050000
2	12060000
2	12070000
2	12080000
2	12090000
2	12100000
2	12110000
2	12120000
2	12130000
2	12140000
2	12150000
2	12160000
2	12170000
2	12180000
2	12190000
2	12200000
2	12210000
2	12220000
2	12230000
2	12240000
2	12250000
2	12260000
2	12270000
2	12280000
2	12290000
2	12300000
2	12310000
2	12320000
2	12330000
2	12340000
2	12350000
2	12360000
2	12370000
2	12380000
2	12390000
2	12400000
2	12410000
2	12420000
2	12430000
2	12440000
2	12450000
2	12460000
2	12470000
2	12480000
2	12490000
2	12500000
2	12510000
2	12520000
2	12530000
2	12540000
2	12550000
2	12560000
2	12570000
2	12580000
2	12590000
2	12600000
2	12610000
2	12620000
2	12630000
2	12640000
2	12650000
2	12660000
2	12670000
2	12680000
2	12690000
2	12700000
2	12710000
2	12720000
2	12730000
2	12740000
2	12750000
2	12760000
2	12770000
2	12780000
2	12790000
2	12800000
2	12810000
2	12820000
2	12830000
2	12840000
2	12850000
2	12860000
2	12870000
2	12880000
2	12890000
2	12900000
2	12910000
2	12920000
2	12930000
2	12940000
2	12950000
2	12960000
2	12970000
2	12980000
2	12990000
2	13000000
2	13010000
2	13020000
2	13030000
2	13040000
2	13050000
2	13060000
2	13070000
2	13080000
2	13090000
2	13100000
2	13110000
2	13120000
2	13130000
2	13140000
2	13150000
2	13160000
2	13170000
2	13180000
2	13190000
2	13200000
2	13210000
2	13220000
2	13230000
2	13240000
2	13250000
2	13260000
2	13270000
2	13280000
2	13290000
2	13300000
2	13310000
2	13320000
2	13330000
2	13340000
2	13350000
2	13360000
2	13370000
2	13380000
2	13390000
2	13400000
2	13410000
2	13420000
2	13430000
2	13440000
2	13450000
2	13460000
2	13470000
2	13480000
2	13490000
2	13500000
2	13510000
2	13520000
2	13530000
2	13540000
2	13550000
2	13560000
2	13570000
2	13580000
2	13590000
2	13600000
2	13610000
2	13620000
2	13630000
2	13640000
2	13650000
2	13660000
2	13670000
2	13680000
2	13690000
2	13700000
2	13710000
2	13720000
2	13730000
2	13740000
2	13750000
2	13760000
2	13770000
2	13780000
2	13790000
2	13800000
2	13810000
2	13820000
2	13830000
2	13840000
2	13850000
2	13860000
2	13870000
2	13880000
2	13890000
2	13900000
2	13910000
2	13920000
2	13930000
2	13940000
2	13950000
2	13960000
2	13970000
2	13980000
2	13990000
2	14000000
2	14010000
2	14020000
2	14030000
2	14040000
2	14050000
2	14060000
2	14070000
2	14080000
2	14090000
2	14100000
2	14110000
2	14120000
2	14130000
2	14140000
2	14150000
2	14160000
2	14170000
2	14180000
2	14190000
2	14200000
2	14210000
2	14220000
2	14230000
2	14240000
2	14250000
2	14260000
2	14270000
2	14280000
2	14290000
2	14300000
2	14310000
2	14320000
2	14330000
2	14340000
2	14350000
2	14360000
2	14370000
2	14380000
2	14390000
2	14400000
2	14410000
2	14420000
2	14430000
2	14440000
2	14450000
2	14460000
2	14470000
2	14480000
2	14490000
2	14500000
2	14510000
2	14520000
2	14530000
2	14540000
2	14550000
2	14560000
2	14570000
2	14580000
2	14590000
2	14600000
2	14610000
2	14620000
2	14630000
2	14640000
2	14650000
2	14660000
2	14670000
2	14680000
2	14690000
2	14700000
2	14710000
2	14720000
2	14730000
2	14740000
2	14750000
2	14760000
2	14770000
2	14780000
2	14790000
2	14800000
2	14810000
2	14820000
2	14830000
2	14840000
2	14850000
2	14860000
2	14870000
2	14880000
2	14890000
2	14900000
2	14910000
2	14920000
2	14930000
2	14940000
2	14950000
2	14960000
2	14970000
2	14980000
2	14990000
2	15000000
2	15010000
2	15020000
2	15030000
2	15040000
2	15050000
2	15060000
2	15070000
2	15080000
2	15090000
2	15100000
2	15110000
2	15120000
2	15130000
2	15140000
2	15150000
2	15160000
2	15170000
2	15180000
2	15190000
2	15200000
2	15210000
2	15220000
2	15230000
2	15240000
2	15250000
2	15260000
2	15270000
2	15280000
2	15290000
2	15300000
2	15310000
2	15320000
2	15330000
2	15340000
2	15350000
2	15360000
2	15370000
2	15380000
2	15390000
2	15400000
2	15410000
2	15420000
2	15430000
2	15440000
2	15450000
2	15460000
2	15470000
2	15480000
2	15490000
2	15500000
2	15510000
2	15520000
2	15530000
2	15540000
2	15550000
2	15560000
2	15570000
2	15580000
2	15590000
2	15600000
2	15610000
2	15620000
2	15630000
2	15640000
2	15650000
2	15660000
2	15670000
2	15680000
2	15690000
2	15700000
2	15710000
2	15720000
2	15730000
2	15740000
2	15750000
2	15760000
2	15770000
2	15780000
2	15790000
2	15800000
2	15810000
2	15820000
2	15830000
2	15840000
2	15850000
2	15860000
2	15870000
2	15880000
2	15890000
2	15900000
2	15910000
2	15920000
2	15930000
2	15940000
2	15950000
2	15960000
2	15970000
2	15980000
2	15990000
2	16000000
2	16010000
2	16020000
2	16030000
2	16040000
2	16050000
2	16060000
2	16070000
2	16080000
2	16090000
2	16100000
2	16110000
2	16120000
2	16130000
2	16140000
2	16150000
2	16160000
2	16170000
2	16180000
2	16190000
2	16200000
2	16210000
2	16220000
2	16230000
2	16240000
2	16250000
2	16260000
2	16270000
2	16280000
2	16290000
2	16300000
2	16310000
2	16320000
2	16330000
2	16340000
2	16350000
2	16360000
2	16370000
2	16380000
2	16390000
2	16400000
2	16410000
2	16420000
2	16430000
2	16440000
2	16450000
2	16460000
2	16470000
2	16480000
2	16490000
2	16500000
2	16510000
2	16520000
2	16530000
2	16540000
2	16550000
2	16560000
2	16570000
2	16580000
2	16590000
2	16600000
2	16610000
2	16620000
2	16630000
2	16640000
2	16650000
2	16660000
2	16670000
2	16680000
2	16690000
2	16700000
2	16710000
2	16720000
2	16730000
2	16740000
2	16750000
2	16760000
2	16770000
2	16780000
2	16790000
2	16800000
2	16810000
2	16820000
2	16830000
2	16840000
2	16850000
2	16860000
2	16870000
2	16880000
2	16890000
2	16900000
2	16910000
2	16920000
2	16930000
2	16940000
2	16950000
2	16960000
2	16970000
2	16980000
2	16990000
2	17000000
2	17010000
2	17020000
2	17030000
2	17040000
2	17050000
2	17060000
2	17070000
2	17080000
2	17090000
2	17100000
2	17110000
2	17120000
2	17130000
2	17140000
2	17150000
2	17160000
2	17170000
2	17180000
2	17190000
2	17200000
2	17210000
2	17220000
2	17230000
2	17240000
2	17250000
2	17260000
2	17270000
2	17280000
2	17290000
2	17300000
2	17310000
2	17320000
2	17330000
2	17340000
2	17350000
2	17360000
2	17370000
2	17380000
2	17390000
2	17400000
2	17410000
2	17420000
2	17430000
2	17440000
2	17450000
2	17460000
2	17470000
2	17480000
2	17490000
2	17500000
2	17510000
2	17520000
2	17530000
2	17540000
2	17550000
2	17560000
2	17570000
2	17580000
2	17590000
2	17600000
2	17610000
2	17620000
2	17630000
2	17640000
2	17650000
2	17660000
2	17670000
2	17680000
2	17690000
2	17700000
2	17710000
2	17720000
2	17730000
2	17740000
2	17750000
2	17760000
2	17770000
2	17780000
2	17790000
2	17800000
2	17810000
2	17820000
2	17830000
2	17840000
2	17850000
2	17860000
2	17870000
2	17880000
2	17890000
2	17900000
2	17910000
2	17920000
2	17930000
2	17940000
2	17950000
2	17960000
2	17970000
2	17980000
2	17990000
2	18000000
2	18010000
2	18020000
2	18030000
2	18040000
2	18050000
2	18060000
2	18070000
2	18080000
2	18090000
2	18100000
2	18110000
2	18120000
2	18130000
2	18140000
2	18150000
2	18160000
2	18170000
2	18180000
2	18190000
2	18200000
2	18210000
2	18220000
2	18230000
2	18240000
2	18250000
2	18260000
2	18270000
2	18280000
2	18290000
2	18300000
2	18310000
2	18320000
2	18330000
2	18340000
2	18350000
2	18360000
2	18370000
2	18380000
2	18390000
2	18400000
2	18410000
2	18420000
2	18430000
2	18440000
2	18450000
2	18460000
2	18470000
2	18480000
2	18490000
2	18500000
2	18510000
2	18520000
2	18530000
2	18540000
2	18550000
2	18560000
2	18570000
2	18580000
2	18590000
2	18600000
2	18610000
2	18620000
2	18630000
2	18640000
2	18650000
2	18660000
2	18670000
2	18680000
2	18690000
2	18700000
2	18710000
2	18720000
2	18730000
2	18740000
2	18750000
2	18760000
2	18770000
2	18780000
2	18790000
2	18800000
2	18810000
2	18820000
2	18830000
2	18840000
2	18850000
2	18860000
2	18870000
2	18880000
2	18890000
2	18900000
2	18910000
2	18920000
2	18930000
2	18940000
2	18950000
2	18960000
2	18970000
2	18980000
2	18990000
2	19000000
2	19010000
2	19020000
2	19030000
2	19040000
2	19050000
2	19060000
2	19070000
2	19080000
2	19090000
2	19100000
2	19110000
2	19120000
2	19130000
2	19140000
2	19150000
2	19160000
2	19170000
2	19180000
2	19190000
2	19200000
2	19210000
2	19220000
2	19230000
2	19240000
2	19250000
2	19260000
2	19270000
2	19280000
2	19290000
2	19300000
2	19310000
2	19320000
2	19330000
2	19340000
2	19350000
2	19360000
2	19370000
2	19380000
2	19390000
2	19400000
2	19410000
2	19420000
2	19430000
2	19440000
2	19450000
2	19460000
2	19470000
2	19480000
2	19490000
2	19500000
2	19510000
2	19520000
2	19530000
2	19540000
2	19550000
2	19560000
2	19570000
2	19580000
2	19590000
2	19600000
2	19610000
2	19620000
2	19630000
2	19640000
2	19650000
2	19660000
2	19670000
2	19680000
2	19690000
2	19700000
2	19710000
2	19720000
2	19730000
2	19740000
2	19750000
2	19760000
2	19770000
2	19780000
2	19790000
2	19800000
2	19810000
2	19820000
2	19830000
2	19840000
2	19850000
2	19860000
2	19870000
2	19880000
2	19890000
2	19900000
2	19910000
2	19920000
2	19930000
2	19940000
2	19950000
2	19960000
2	19970000
2	19980000
2	19990000
2	20000000
2	20010000
2	20020000
2	20030000
2	20040000
2	20050000
2	20060000
2	20070000
2	20080000
2	20090000
2	20100000
2	20110000
2	20120000
2	20130000
2	20140000
2	20150000
2	20160000
2	20170000
2	20180000
2	20190000
2	20200000
2	20210000
2	20220000
2	20230000
2	20240000
2	20250000
2	20260000
2	20270000
2	20280000
2	20290000
2	20300000
2	20310000
2	20320000
2	20330000
2	20340000
2	20350000
2	20360000
2	20370000
2	20380000
2	20390000
2	20400000
2	20410000
2	20420000
2	20430000
2	20440000
2	20450000
2	20460000
2	20470000
2	20480000
2	20490000
2	20500000
2	20510000
2	20520000
2	20530000
2	20540000
2	20550000
2	20560000
2	20570000
2	20580000
2	20590000
2	20600000
2	20610000
2	20620000
2	20630000
2	20640000
2	20650000
2	20660000
2	20670000
2	20680000
2	20690000
2	20700000
2	20710000
2	20720000
2	20730000
2	20740000
2	20750000
2	20760000
2	20770000
2	20780000
2	20790000
2	20800000
2	20810000
2	20820000
2	20830000
2	20840000
2	20850000
2	20860000
2	20870000
2	20880000
2	20890000
2	20900000
2	20910000
2	20920000
2	20930000
2	20940000
2	20950000
2	20960000
2	20970000
2	20980000
2	20990000
2	21000000
2	21010000
2	21020000
2	21030000
2	21040000
2	21050000
2	21060000
2	21070000
2	21080000
2	21090000
2	21100000
2	21110000
2	21120000
2	21130000
2	21140000
2	21150000
2	21160000
2	21170000
2	21180000
2	21190000
2	21200000
2	21210000
2	21220000
2	21230000
2	21240000
2	21250000
2	21260000
2	21270000
2	21280000
2	21290000
2	21300000
2	21310000
2	21320000
2	21330000
2	21340000
2	21350000
2	21360000
2	21370000
2	21380000
2	21390000
2	21400000
2	21410000
2	21420000
2	21430000
2	21440000
2	21450000
2	21460000
2	21470000
2	21480000
2	21490000
2	21500000
2	21510000
2	21520000
2	21530000
2	21540000
2	21550000
2	21560000
2	21570000
2	21580000
2	21590000
2	21600000
2	21610000
2	21620000
2	21630000
2	21640000
2	21650000
2	21660000
2	21670000
2	21680000
2	21690000
2	21700000
2	21710000
2	21720000
2	21730000
2	21740000
2	21750000
2	21760000
2	21770000
2	21780000
2	21790000
2	21800000
2	21810000
2	21820000
2	21830000
2	21840000
2	21850000
2	21860000
2	21870000
2	21880000
2	21890000
2	21900000
2	21910000
2	21920000
2	21930000
2	21940000
2	21950000
2	21960000
2	21970000
2	21980000
2	21990000
2	22000000
2	22010000
2	22020000
2	22030000
2	22040000
2	22050000
2	22060000
2	22070000
2	22080000
2	22090000
2	22100000
2	22110000
2	22120000
2	22130000
2	22140000
2	22150000
2	22160000
2	22170000
2	22180000
2	22190000
2	22200000
2	22210000
2	22220000
2	22230000
2	22240000
2	22250000
2	22260000
2	22270000
2	22280000
2	22290000
2	22300000
2	22310000
2	22320000
2	22330000
2	22340000
2	22350000
2	22360000
2	22370000
2	22380000
2	22390000
2	22400000
2	22410000
2	22420000
2	22430000
2	22440000
2	22450000
2	22460000
2	22470000
2	22480000
2	22490000
2	22500000
2	22510000
2	22520000
2	22530000
2	22540000
2	22550000
2	22560000
2	22570000
2	22580000
2	22590000
2	22600000
2	22610000
2	22620000
2	22630000
2	22640000
2	22650000
2	22660000
2	22670000
2	22680000
2	22690000
2	22700000
2	22710000
2	22720000
2	22730000
2	22740000
2	22750000
2	22760000
2	22770000
2	22780000
2	22790000
2	22800000
2	22810000
2	22820000
2	22830000
2	22840000
2	22850000
2	22860000
2	22870000
2	22880000
2	22890000
2	22900000
2	22910000
2	22920000
2	22930000
2	22940000
2	22950000
2	22960000
2	22970000
2	22980000
2	22990000
2	23000000
2	23010000
2	23020000
2	23030000
2	23040000
2	23050000
2	23060000
2	23070000
2	23080000
2	23090000
2	23100000
2	23110000
2	23120000
2	23130000
2	23140000
2	23150000
2	23160000
2	23170000
2	23180000
2	23190000
2	23200000
2	23210000
2	23220000
2	23230000
2	23240000
2	23250000
2	23260000
2	23270000
2	23280000
2	23290000
2	23300000
2	23310000
2	23320000
2	23330000
2	23340000
2	23350000
2	23360000
2	23370000
2	23380000
2	23390000
2	23400000
2	23410000
2	23420000
2	23430000
2	23440000
2	23450000
2	23460000
2	23470000
2	23480000
2	23490000
2	23500000
2	23510000
2	23520000
2	23530000
2	23540000
2	23550000
2	23560000
2	23570000
2	23580000
2	23590000
2	23600000
2	23610000
2	23620000
2	23630000
2	23640000
2	23650000
2	23660000
2	23670000
2	23680000
2	23690000
2	23700000
2	23710000
2	23720000
2	23730000
2	23740000
2	23750000
2	23760000
2	23770000
2	23780000
2	23790000
2	23800000
2	23810000
2	23820000
2	23830000
2	23840000
2	23850000
2	23860000
2	23870000
2	23880000
2	23890000
2	23900000
2	23910000
2	23920000
2	23930000
2	23940000
2	23950000
2	23960000
2	23970000
2	23980000
2	23990000
2	24000000
2	24010000
2	24020000
2	24030000
2	24040000
2	24050000
2	24060000
2	24070000
2	24080000
2	24090000
2	24100000
2	24110000
2	24120000
2	24130000
2	24140000
2	24150000
2	24160000
2	24170000
2	24180000
2	24190000
2	24200000
2	24210000
2	24220000
2	24230000
2	24240000
2	24250000
2	24260000
2	24270000
2	24280000
2	24290000
2	24300000
2	24310000
2	24320000
2	24330000
2	24340000
2	24350000
2	24360000
2	24370000
2	24380000
2	24390000
2	24400000
2	24410000
2	24420000
2	24430000
2	24440000
2	24450000
2	24460000
2	24470000
2	24480000
2	24490000
2	24500000
2	24510000
2	24520000
2	24530000
2	24540000
2	24550000
2	24560000
2	24570000
2	24580000
2	24590000
2	24600000
2	24610000
2	24620000
2	24630000
2	24640000
2	24650000
2	24660000
2	24670000
2	24680000
2	24690000
2	24700000
2	24710000
2	24720000
2	24730000
2	24740000
2	24750000
2	24760000
2	24770000
2	24780000
2	24790000
2	24800000
2	24810000
2	24820000
2	24830000
2	24840000
2	24850000
2	24860000
2	24870000
2	24880000
2	24890000
2	24900000
2	24910000
2	24920000
2	24930000
2	24940000
2	24950000
2	24960000
2	24970000
2	24980000
2	24990000
2	25000000
2	25010000
2	25020000
2	25030000
2	25040000
2	25050000
2	25060000
2	25070000
2	25080000
2	25090000
2	25100000
2	25110000
2	25120000
2	25130000
2	25140000
2	25150000
2	25160000
2	25170000
2	25180000
2	25190000
2	25200000
2	25210000
2	25220000
2	25230000
2	25240000
2	25250000
2	25260000
2	25270000
2	25280000
2	25290000
2	25300000
2	25310000
2	25320000
2	25330000
2	25340000
2	25350000
2	25360000
2	25370000
2	25380000
2	25390000
2	25400000
2	25410000
2	25420000
2	25430000
2	25440000
2	25450000
2	25460000
2	25470000
2	25480000
2	25490000
2	25500000
2	25510000
2	25520000
2	25530000
2	25540000
2	25550000
2	25560000
2	25570000
2	25580000
2	25590000
2	25600000
2	25610000
2	25620000
2	25630000
2	25640000
2	25650000
2	25660000
2	25670000
2	25680000
2	25690000
2	25700000
2	25710000
2	25720000
2	25730000
2	25740000
2	25750000
2	25760000
2	25770000
2	25780000
2	25790000
2	25800000
2	25810000
2	25820000
2	25830000
2	25840000
2	25850000
2	25860000
2	25870000
2	25880000
2	25890000
2	25900000
2	25910000
2	25920000
2	25930000
2	25940000
2	25950000
2	25960000
2	25970000
2	25980000
2	25990000
2	26000000
2	26010000
2	26020000
2	26030000
2	26040000
2	26050000
2	26060000
2	26070000
2	26080000
2	26090000
2	26100000
2	26110000
2	26120000
2	26130000
2	26140000
2	26150000
2	26160000
2	26170000
2	26180000
2	26190000
2	26200000
2	26210000
2	26220000
2	26230000
2	26240000
2	26250000
2	26260000
2	26270000
2	26280000
2	26290000
2	26300000
2	26310000
2	26320000
2	26330000
2	26340000
2	26350000
2	26360000
2	26370000
2	26380000
2	26390000
2	26400000
2	26410000
2	26420000
2	26430000
2	26440000
2	26450000
2	26460000
2	26470000
2	26480000
2	26490000
2	26500000
2	26510000
2	26520000
2	26530000
2	26540000
2	26550000
2	26560000
2	26570000
2	26580000
2	26590000
2	26600000
2	26610000
2	26620000
2	26630000
2	26640000
2	26650000
2	26660000
2	26670000
2	26680000
2	26690000
2	26700000
2	26710000
2	26720000
2	26730000
2	26740000
2	26750000
2	26760000
2	26770000
2	26780000
2	26790000
2	26800000
2	26810000
2	26820000
2	26830000
2	26840000
2	26850000
2	26860000
2	26870000
2	26880000
2	26890000
2	26900000
2	26910000
2	26920000
2	26930000
2	26940000
2	26950000
2	26960000
2	26970000
2	26980000
2	26990000
2	27000000
2	27010000
2	27020000
2	27030000
2	27040000
2	27050000
2	27060000
2	27070000
2	27080000
2	27090000
2	27100000
2	27110000
2	27120000
2	27130000
2	27140000
2	27150000
2	27160000
2	27170000
2	27180000
2	27190000
2	27200000
2	27210000
2	27220000
2	27230000
2	27240000
2	27250000
2	27260000
2	27270000
2	27280000
2	27290000
2	27300000
2	27310000
2	27320000
2	27330000
2	27340000
2	27350000
2	27360000
2	27370000
2	27380000
2	27390000
2	27400000
2	27410000
2	27420000
2	27430000
2	27440000
2	27450000
2	27460000
2	27470000
2	27480000
2	27490000
2	27500000
2	27510000
2	27520000
2	27530000
2	27540000
2	27550000
2	27560000
2	27570000
2	27580000
2	27590000
2	27600000
2	27610000
2	27620000
2	27630000
2	27640000
2	27650000
2	27660000
2	27670000
2	27680000
2	27690000
2	27700000
2	27710000
2	27720000
2	27730000
2	27740000
2	27750000
2	27760000
2	27770000
2	27780000
2	27790000
2	27800000
2	27810000
2	27820000
2	27830000
2	27840000
2	27850000
2	27860000
2	27870000
2	27880000
2	27890000
2	27900000
2	27910000
2	27920000
2	27930000
2	27940000
2	27950000
2	27960000
2	27970000
2	27980000
2	27990000
2	28000000
2	28010000
2	28020000
2	28030000
2	28040000
2	28050000
2	28060000
2	28070000
2	28080000
2	28090000
2	28100000
2	28110000
2	28120000
2	28130000
2	28140000
2	28150000
2	28160000
2	28170000
2	28180000
2	28190000
2	28200000
2	28210000
2	28220000
2	28230000
2	28240000
2	28250000
2	28260000
2	28270000
2	28280000
2	28290000
2	28300000
2	28310000
2	28320000
2	28330000
2	28340000
2	28350000
2	28360000
2	28370000
2	28380000
2	28390000
2	28400000
2	28410000
2	28420000
2	28430000
2	28440000
2	28450000
2	28460000
2	28470000
2	28480000
2	28490000
2	28500000
2	28510000
2	28520000
2	28530000
2	28540000
2	28550000
2	28560000
2	28570000
2	28580000
2	28590000
2	28600000
2	28610000
2	28620000
2	28630000
2	28640000
2	28650000
2	28660000
2	28670000
2	28680000
2	28690000
2	28700000
2	28710000
2	28720000
2	28730000
2	28740000
2	28750000
2	28760000
2	28770000
2	28780000
2	28790000
2	28800000
2	28810000
2	28820000
2	28830000
2	28840000
2	28850000
2	28860000
2	28870000
2	28880000
2	28890000
2	28900000
2	28910000
2	28920000
2	28930000
2	28940000
2	28950000
2	28960000
2	28970000
2	28980000
2	28990000
2	29000000
2	29010000
2	29020000
2	29030000
2	29040000
2	29050000
2	29060000
2	29070000
2	29080000
2	29090000
2	29100000
2	29110000
2	29120000
2	29130000
2	29140000
2	29150000
2	29160000
2	29170000
2	29180000
2	29190000
2	29200000
2	29210000
2	29220000
2	29230000
2	29240000
2	29250000
2	29260000
2	29270000
2	29280000
2	29290000
2	29300000
2	29310000
2	29320000
2	29330000
2	29340000
2	29350000
2	29360000
2	29370000
2	29380000
2	29390000
2	29400000
2	29410000
2	29420000
2	29430000
2	29440000
2	29450000
2	29460000
2	29470000
2	29480000
2	29490000
2	29500000
2	29510000
2	29520000
2	29530000
2	29540000
2	29550000
2	29560000
2	29570000
2	29580000
2	29590000
2	29600000
2	29610000
2	29620000
2	29630000
2	29640000
2	29650000
2	29660000
2	29670000
2	29680000
2	29690000
2	29700000
2	29710000
2	29720000
2	29730000
2	29740000
2	29750000
2	29760000
2	29770000
2	29780000
2	29790000
2	29800000
2	29810000
2	29820000
2	29830000
2	29840000
2	29850000
2	29860000
2	29870000
2	29880000
2	29890000
2	29900000
2	29910000
2	29920000
2	29930000
2	29940000
2	29950000
2	29960000
2	29970000
2	29980000
2	29990000
2	30000000
2	30010000
2	30020000
2	30030000
2	30040000
2	30050000
2	30060000
2	30070000
2	30080000
2	30090000
2	30100000
2	30110000
2	30120000
2	30130000
2	30140000
2	30150000
2	30160000
2	30170000
2	30180000
2	30190000
2	30200000
2	30210000
2	30220000
2	30230000
2	30240000
2	30250000
2	30260000
2	30270000
2	30280000
2	30290000
2	30300000
2	30310000
2	30320000
2	30330000
2	30340000
2	30350000
2	30360000
2	30370000
2	30380000
2	30390000
2	30400000
2	30410000
2	30420000
2	30430000
2	30440000
2	30450000
2	30460000
2	30470000
2	30480000
2	30490000
2	30500000
2	30510000
2	30520000
2	30530000
2	30540000
2	30550000
2	30560000
2	30570000
2	30580000
2	30590000
2	30600000
2	30610000
2	30620000
2	30630000
2	30640000
2	30650000
2	30660000
2	30670000
2	30680000
2	30690000
2	30700000
2	30710000
2	30720000
2	30730000
2	30740000
2	30750000
2	30760000
2	30770000
2	30780000
2	30790000
2	30800000
2	30810000
2	30820000
2	30830000
2	30840000
2	30850000
2	30860000
2	30870000
2	30880000
2	30890000
2	30900000
2	30910000
2	30920000
2	30930000
2	30940000
2	30950000
2	30960000
2	30970000
2	30980000
2	30990000
2	31000000
2	31010000
2	31020000
2	31030000
2	31040000
2	31050000
2	31060000
2	31070000
2	31080000
2	31090000
2	31100000
2	31110000
2	31120000
2	31130000
2	31140000
2	31150000
2	31160000
2	31170000
2	31180000
2	31190000
2	31200000
2	31210000
2	31220000
2	31230000
2	31240000
2	31250000
2	31260000
2	31270000
2	31280000
2	31290000
2	31300000
2	31310000
2	31320000
2	31330000
2	31340000
2	31350000
2	31360000
2	31370000
2	31380000
2	31390000
2	31400000
2	31410000
2	31420000
2	31430000
2	31440000
2	31450000
2	31460000
2	31470000
2	31480000
2	31490000
2	31500000
2	31510000
2	31520000
2	31530000
2	31540000
2	31550000
2	31560000
2	31570000
2	31580000
2	31590000
2	31600000
2	31610000
2	31620000
2	31630000
2	31640000
2	31650000
2	31660000
2	31670000
2	31680000
2	31690000
2	31700000
2	31710000
2	31720000
2	31730000
2	31740000
2	31750000
2	31760000
2	31770000
2	31780000
2	31790000
2	31800000
2	31810000
2	31820000
2	31830000
2	31840000
2	31850000
2	31860000
2	31870000
2	31880000
2	31890000
2	31900000
2	31910000
2	31920000
2	31930000
2	31940000
2	31950000
2	31960000
2	31970000
2	31980000
2	31990000
2	32000000
2	32010000
2	32020000
2	32030000
2	32040000
2	32050000
2	32060000
2	32070000
2	32080000
2	32090000
2	32100000
2	32110000
2	32120000
2	32130000
2	32140000
2	32150000
2	32160000
2	32170000
2	32180000
2	32190000
2	32200000
2	32210000
2	32220000
2	32230000
2	32240000
2	32250000
2	32260000
2	32270000
2	32280000
2	32290000
2	32300000
2	32310000
2	32320000
2	32330000
2	32340000
2	32350000
2	32360000
2	32370000
2	32380000
2	32390000
2	32400000
2	32410000
2	32420000
2	32430000
2	32440000
2	32450000
2	32460000
2	32470000
2	32480000
2	32490000
2	32500000
2	32510000
2	32520000
2	32530000
2	32540000
2	32550000
2	32560000
2	32570000
2	32580000
2	32590000
2	32600000
2	32610000
2	32620000
2	32630000
2	32640000
2	32650000
2	32660000
2	32670000
2	32680000
2	32690000
2	32700000
2	32710000
2	32720000
2	32730000
2	32740000
2	32750000
2	32760000
2	32770000
2	32780000
2	32790000
2	32800000
2	32810000
2	32820000
2	32830000
2	32840000
2	32850000
2	32860000
2	32870000
2	32880000
2	32890000
2	32900000
2	32910000
2	32920000
2	32930000
2	32940000
2	32950000
2	32960000
2	32970000
2	32980000
2	32990000
2	33000000
2	33010000
2	33020000
2	33030000
2	33040000
2	33050000
2	33060000
2	33070000
2	33080000
2	33090000
2	33100000
2	33110000
2	33120000
2	33130000
2	33140000
2	33150000
2	33160000
2	33170000
2	33180000
2	33190000
2	33200000
2	33210000
2	33220000
2	33230000
2	33240000
2	33250000
2	33260000
2	33270000
2	33280000
2	33290000
2	33300000
2	33310000
2	33320000
2	33330000
2	33340000
2	33350000
2	33360000
2	33370000
2	33380000
2	33390000
2	33400000
2	33410000
2	33420000
2	33430000
2	33440000
2	33450000
2	33460000
2	33470000
2	33480000
2	33490000
2	33500000
2	33510000
2	33520000
2	33530000
2	33540000
2	33550000
2	33560000
2	33570000
2	33580000
2	33590000
2	33600000
2	33610000
2	33620000
2	33630000
2	33640000
2	33650000
2	33660000
2	33670000
2	33680000
2	33690000
2	33700000
2	33710000
2	33720000
2	33730000
2	33740000
2	33750000
2	33760000
2	33770000
2	33780000
2	33790000
2	33800000
2	33810000
2	33820000
2	33830000
2	33840000
2	33850000
2	33860000
2	33870000
2	33880000
2	33890000
2	33900000
2	33910000
2	33920000
2	33930000
2	33940000
2	33950000
2	33960000
2	33970000
2	33980000
2	33990000
2	34000000
2	34010000
2	34020000
2	34030000
2	34040000
2	34050000
2	34060000
2	34070000
2	34080000
2	34090000
2	34100000
2	34110000
2	34120000
2	34130000
2	34140000
2	34150000
2	34160000
2	34170000
2	34180000
2	34190000
2	34200000
2	34210000
2	34220000
2	34230000
2	34240000
2	34250000
2	34260000
2	34270000
2	34280000
2	34290000
2	34300000
2	34310000
2	34320000
2	34330000
2	34340000
2	34350000
2	34360000
2	34370000
2	34380000
2	34390000
2	34400000
2	34410000
2	34420000
2	34430000
2	34440000
2	34450000
2	34460000
2	34470000
2	34480000
2	34490000
2	34500000
2	34510000
2	34520000
2	34530000
2	34540000
2	34550000
2	34560000
2	34570000
2	34580000
2	34590000
2	34600000
2	34610000
2	34620000
2	34630000
2	34640000
2	34650000
2	34660000
2	34670000
2	34680000
2	34690000
2	34700000
2	34710000
2	34720000
2	34730000
2	34740000
2	34750000
2	34760000
2	34770000
2	34780000
2	34790000
2	34800000
2	34810000
2	34820000
2	34830000
2	34840000
2	34850000
2	34860000
2	34870000
2	34880000
2	34890000
2	34900000
2	34910000
2	34920000
2	34930000
2	34940000
2	34950000
2	34960000
2	34970000
2	34980000
2	34990000
2	35000000
2	35010000
2	35020000
2	35030000
2	35040000
2	35050000
2	35060000
2	35070000
2	35080000
2	35090000
2	35100000
2	35110000
2	35120000
2	35130000
2	35140000
2	35150000
2	35160000
2	35170000
2	35180000
2	35190000
2	35200000
2	35210000
2	35220000
2	35230000
2	35240000
2	35250000
2	35260000
2	35270000
2	35280000
2	35290000
2	35300000
2	35310000
2	35320000
2	35330000
2	35340000
2	35350000
2	35360000
2	35370000
2	35380000
2	35390000
2	35400000
2	35410000
2	35420000
2	35430000
2	35440000
2	35450000
2	35460000
2	35470000
2	35480000
2	35490000
2	35500000
2	35510000
2	35520000
2	35530000
2	35540000
2	35550000
2	35560000
2	35570000
2	35580000
2	35590000
2	35600000
2	35610000
2	35620000
2	35630000
2	35640000
2	35650000
2	35660000
2	35670000
2	35680000
2	35690000
2	35700000
2	35710000
2	35720000
2	35730000
2	35740000
2	35750000
2	35760000
2	35770000
2	35780000
2	35790000
2	35800000
2	35810000
2	35820000
2	35830000
2	35840000
2	35850000
2	35860000
2	35870000
2	35880000
2	35890000
2	35900000
2	35910000
2	35920000
2	35930000
2	35940000
2	35950000
2	35960000
2	35970000
2	35980000
2	35990000
2	36000000
2	36010000
2	36020000
2	36030000
2	36040000
2	36050000
2	36060000
2	36070000
2	36080000
2	36090000
2	36100000
2	36110000
2	36120000
2	36130000
2	36140000
2	36150000
2	36160000
2	36170000
2	36180000
2	36190000
2	36200000
2	36210000
2	36220000
2	36230000
2	36240000
2	36250000
2	36260000
2	36270000
2	36280000
2	36290000
2	36300000
2	36310000
2	36320000
2	36330000
2	36340000
2	36350000
2	36360000
2	36370000
2	36380000
2	36390000
2	36400000
2	36410000
2	36420000
2	36430000
2	36440000
2	36450000
2	36460000
2	36470000
2	36480000
2	36490000
2	36500000
2	36510000
2	36520000
2	36530000
2	36540000
2	36550000
2	36560000
2	36570000
2	36580000
2	36590000
2	36600000
2	36610000
2	36620000
2	36630000
2	36640000
2	36650000
2	36660000
2	36670000
2	36680000
2	36690000
2	36700000
2	36710000
2	36720000
2	36730000
2	36740000
2	36750000
2	36760000
2	36770000
2	36780000
2	36790000
2	36800000
2	36810000
2	36820000
2	36830000
2	36840000
2	36850000
2	36860000
2	36870000
2	36880000
2	36890000
2	36900000
2	36910000
2	36920000
2	36930000
2	36940000
2	36950000
2	36960000
2	36970000
2	36980000
2	36990000
2	37000000
2	37010000
2	37020000
2	37030000
2	37040000
2	37050000
2	37060000
2	37070000
2	37080000
2	37090000
2	37100000
2	37110000
2	37120000
2	37130000
2	37140000
2	37150000
2	37160000
2	37170000
2	37180000
2	37190000
2	37200000
2	37210000
2	37220000
2	37230000
2	37240000
2	37250000
2	37260000
2	37270000
2	37280000
2	37290000
2	37300000
2	37310000
2	37320000
2	37330000
2	37340000
2	37350000
2	37360000
2	37370000
2	37380000
2	37390000
2	37400000
2	37410000
2	37420000
2	37430000
2	37440000
2	37450000
2	37460000
2	37470000
2	37480000
2	37490000
2	37500000
2	37510000
2	37520000
2	37530000
2	37540000
2	37550000
2	37560000
2	37570000
2	37580000
2	37590000
2	37600000
2	37610000
2	37620000
2	37630000
2	37640000
2	37650000
2	37660000
2	37670000
2	37680000
2	37690000
2	37700000
2	37710000
2	37720000
2	37730000
2	37740000
2	37750000
2	37760000
2	37770000
2	37780000
2	37790000
2	37800000
2	37810000
2	37820000
2	37830000
2	37840000
2	37850000
2	37860000
2	37870000
2	37880000
2	37890000
2	37900000
2	37910000
2	37920000
2	37930000
2	37940000
2	37950000
2	37960000
2	37970000
2	37980000
2	37990000
2	38000000
2	38010000
2	38020000
2	38030000
2	38040000
2	38050000
2	38060000
2	38070000
2	38080000
2	38090000
2	38100000
2	38110000
2	38120000
2	38130000
2	38140000
2	38150000
2	38160000
2	38170000
2	38180000
2	38190000
2	38200000
2	38210000
2	38220000
2	38230000
2	38240000
2	38250000
2	38260000
2	38270000
2	38280000
2	38290000
2	38300000
2	38310000
2	38320000
2	38330000
2	38340000
2	38350000
2	38360000
2	38370000
2	38380000
2	38390000
2	38400000
2	38410000
2	38420000
2	38430000
2	38440000
2	38450000
2	38460000
2	38470000
2	38480000
2	38490000
2	38500000
2	38510000
2	38520000
2	38530000
2	38540000
2	38550000
2	38560000
2	38570000
2	38580000
2	38590000
2	38600000
2	38610000
2	38620000
2	38630000
2	38640000
2	38650000
2	38660000
2	38670000
2	38680000
2	38690000
2	38700000
2	38710000
2	38720000
2	38730000
2	38740000
2	38750000
2	38760000
2	38770000
2	38780000
2	38790000
2	38800000
2	38810000
2	38820000
2	38830000
2	38840000
2	38850000
2	38860000
2	38870000
2	38880000
2	38890000
2	38900000
2	38910000
2	38920000
2	38930000
2	38940000
2	38950000
2	38960000
2	38970000
2	38980000
2	38990000
2	39000000
2	39010000
2	39020000
2	39030000
2	39040000
2	39050000
2	39060000
2	39070000
2	39080000
2	39090000
2	39100000
2	39110000
2	39120000
2	39130000
2	39140000
2	39150000
2	39160000
2	39170000
2	39180000
2	39190000
2	39200000
2	39210000
2	39220000
2	39230000
2	39240000
2	39250000
2	39260000
2	39270000
2	39280000
2	39290000
2	39300000
2	39310000
2	39320000
2	39330000
2	39340000
2	39350000
2	39360000
2	39370000
2	39380000
2	39390000
2	39400000
2	39410000
2	39420000
2	39430000
2	39440000
2	39450000
2	39460000
2	39470000
2	39480000
2	39490000
2	39500000
2	39510000
2	39520000
2	39530000
2	39540000
2	39550000
2	39560000
2	39570000
2	39580000
2	39590000
2	39600000
2	39610000
2	39620000
2	39630000
2	39640000
2	39650000
2	39660000
2	39670000
2	39680000
2	39690000
2	39700000
2	39710000
2	39720000
2	39730000
2	39740000
2	39750000
2	39760000
2	39770000
2	39780000
2	39790000
2	39800000
2	39810000
2	39820000
2	39830000
2	39840000
2	39850000
2	39860000
2	39870000
2	39880000
2	39890000
2	39900000
2	39910000
2	39920000
2	39930000
2	39940000
2	39950000
2	39960000
2	39970000
2	39980000
2	39990000
2	40000000
2	40010000
2	40020000
2	40030000
2	40040000
2	40050000
2	40060000
2	40070000
2	40080000
2	40090000
2	40100000
2	40110000
2	40120000
2	40130000
2	40140000
2	40150000
2	40160000
2	40170000
2	40180000
2	40190000
2	40200000
2	40210000
2	40220000
2	40230000
2	40240000
2	40250000
2	40260000
2	40270000
2	40280000
2	40290000
2	40300000
2	40310000
2	40320000
2	40330000
2	40340000
2	40350000
2	40360000
2	40370000
2	40380000
2	40390000
2	40400000
2	40410000
2	40420000
2	40430000
2	40440000
2	40450000
2	40460000
2	40470000
2	40480000
2	40490000
2	40500000
2	40510000
2	40520000
2	40530000
2	40540000
2	40550000
2	40560000
2	40570000
2	40580000
2	40590000
2	40600000
2	40610000
2	40620000
2	40630000
2	40640000
2	40650000
2	40660000
2	40670000
2	40680000
2	40690000
2	40700000
2	40710000
2	40720000
2	40730000
2	40740000
2	40750000
2	40760000
2	40770000
2	40780000
2	40790000
2	40800000
2	40810000
2	40820000
2	40830000
2	40840000
2	40850000
2	40860000
2	40870000
2	40880000
2	40890000
2	40900000
2	40910000
2	40920000
2	40930000
2	40940000
2	40950000
2	40960000
2	40970000
2	40980000
2	40990000
2	41000000
2	41010000
2	41020000
2	41030000
2	41040000
2	41050000
2	41060000
2	41070000
2	41080000
2	41090000
2	41100000
2	41110000
2	41120000
2	41130000
2	41140000
2	41150000
2	41160000
2	41170000
2	41180000
2	41190000
2	41200000
2	41210000
2	41220000
2	41230000
2	41240000
2	41250000
2	41260000
2	41270000
2	41280000
2	41290000
2	41300000
2	41310000
2	41320000
2	41330000
2	41340000
2	41350000
2	41360000
2	41370000
2	41380000
2	41390000
2	41400000
2	41410000
2	41420000
2	41430000
2	41440000
2	41450000
2	41460000
2	41470000
2	41480000
2	41490000
2	41500000
2	41510000
2	41520000
2	41530000
2	41540000
2	41550000
2	41560000
2	41570000
2	41580000
2	41590000
2	41600000
2	41610000
2	41620000
2	41630000
2	41640000
2	41650000
2	41660000
2	41670000
2	41680000
2	41690000
2	41700000
2	41710000
2	41720000
2	41730000
2	41740000
2	41750000
2	41760000
2	41770000
2	41780000
2	41790000
2	41800000
2	41810000
2	41820000
2	41830000
2	41840000
2	41850000
2	41860000
2	41870000
2	41880000
2	41890000
2	41900000
2	41910000
2	41920000
2	41930000
2	41940000
2	41950000
2	41960000
2	41970000
2	41980000
2	41990000
2	42000000
2	42010000
2	42020000
2	42030000
2	42040000
2	42050000
2	42060000
2	42070000
2	42080000
2	42090000
2	42100000
2	42110000
2	42120000
2	42130000
2	42140000
2	42150000
2	42160000
2	42170000
2	42180000
2	42190000
2	42200000
2	42210000
2	42220000
2	42230000
2	42240000
2	42250000
2	42260000
2	42270000
2	42280000
2	42290000
2	42300000
2	42310000
2	42320000
2	42330000
2	42340000
2	42350000
2	42360000
2	42370000
2	42380000
2	42390000
2	42400000
2	42410000
2	42420000
2	42430000
2	42440000
2	42450000
2	42460000
2	42470000
2	42480000
2	42490000
2	42500000
2	42510000
2	42520000
2	42530000
2	42540000
2	42550000
2	42560000
2	42570000
2	42580000
2	42590000
2	42600000
2	42610000
2	42620000
2	42630000
2	42640000
2	42650000
2	42660000
2	42670000
2	42680000
2	42690000
2	42700000
2	42710000
2	42720000
2	42730000
2	42740000
2	42750000
2	42760000
2	42770000
2	42780000
2	42790000
2	42800000
2	42810000
2	42820000
2	42830000
2	42840000
2	42850000
2	42860000
2	42870000
2	42880000
2	42890000
2	42900000
2	42910000
2	42920000
2	42930000
2	42940000
2	42950000
2	42960000
2	42970000
2	42980000
2	42990000
2	43000000
2	43010000
2	43020000
2	43030000
2	43040000
2	43050000
2	43060000
2	43070000
2	43080000
2	43090000
2	43100000
2	43110000
2	43120000
2	43130000
2	43140000
2	43150000
2	43160000
2	43170000
2	43180000
2	43190000
2	43200000
2	43210000
2	43220000
2	43230000
2	43240000
2	43250000
2	43260000
2	43270000
2	43280000
2	43290000
2	43300000
2	43310000
2	43320000
2	43330000
2	43340000
2	43350000
2	43360000
2	43370000
2	43380000
2	43390000
2	43400000
2	43410000
2	43420000
2	43430000
2	43440000
2	43450000
2	43460000
2	43470000
2	43480000
2	43490000
2	43500000
2	43510000
2	43520000
2	43530000
2	43540000
2	43550000
2	43560000
2	43570000
2	43580000
2	43590000
2	43600000
2	43610000
2	43620000
2	43630000
2	43640000
2	43650000
2	43660000
2	43670000
2	43680000
2	43690000
2	43700000
2	43710000
2	43720000
2	43730000
2	43740000
2	43750000
2	43760000
2	43770000
2	43780000
2	43790000
2	43800000
2	43810000
2	43820000
2	43830000
2	43840000
2	43850000
2	43860000
2	43870000
2	43880000
2	43890000
2	43900000
2	43910000
2	43920000
2	43930000
2	43940000
2	43950000
2	43960000
2	43970000
2	43980000
2	43990000
2	44000000
2	44010000
2	44020000
2	44030000
2	44040000
2	44050000
2	44060000
2	44070000
2	44080000
2	44090000
2	44100000
2	44110000
2	44120000
2	44130000
2	44140000
2	44150000
2	44160000
2	44170000
2	44180000
2	44190000
2	44200000
2	44210000
2	44220000
2	44230000
2	44240000
2	44250000
2	44260000
2	44270000
2	44280000
2	44290000
2	44300000
2	44310000
2	44320000
2	44330000
2	44340000
2	44350000
2	44360000
2	44370000
2	44380000
2	44390000
2	44400000
2	44410000
2	44420000
2	44430000
2	44440000
2	44450000
2	44460000
2	44470000
2	44480000
2	44490000
2	44500000
2	44510000
2	44520000
2	44530000
2	44540000
2	44550000
2	44560000
2	44570000
2	44580000
2	44590000
2	44600000
2	44610000
2	44620000
2	44630000
2	44640000
2	44650000
2	44660000
2	44670000
2	44680000
2	44690000
2	44700000
2	44710000
2	44720000
2	44730000
2	44740000
2	44750000
2	44760000
2	44770000
2	44780000
2	44790000
2	44800000
2	44810000
2	44820000
2	44830000
2	44840000
2	44850000
2	44860000
2	44870000
2	44880000
2	44890000
2	44900000
2	44910000
2	44920000
2	44930000
2	44940000
2	44950000
2	44960000
2	44970000
2	44980000
2	44990000
2	45000000
2	45010000
2	45020000
2	45030000
2	45040000
2	45050000
2	45060000
2	45070000
2	45080000
2	45090000
2	45100000
2	45110000
2	45120000
2	45130000
2	45140000
2	45150000
2	45160000
2	45170000
2	45180000
2	45190000
2	45200000
2	45210000
2	45220000
2	45230000
2	45240000
2	45250000
2	45260000
2	45270000
2	45280000
2	45290000
2	45300000
2	45310000
2	45320000
2	45330000
2	45340000
2	45350000
2	45360000
2	45370000
2	45380000
2	45390000
2	45400000
2	45410000
2	45420000
2	45430000
2	45440000
2	45450000
2	45460000
3	10000
3	20000
3	30000
3	40000
3	50000
3	60000
3	70000
3	80000
3	90000
3	100000
3	110000
3	120000
3	130000
3	140000
3	150000
3	160000
3	170000
3	180000
3	190000
3	200000
3	210000
3	220000
3	230000
3	240000
3	250000
3	260000
3	270000
3	280000
3	290000
3	300000
3	310000
3	320000
3	330000
3	340000
3	350000
3	360000
3	370000
3	380000
3	390000
3	400000
3	410000
3	420000
3	430000
3	440000
3	450000
3	460000
3	470000
3	480000
3	490000
3	500000
3	510000
3	520000
3	530000
3	540000
3	550000
3	560000
3	570000
3	580000
3	590000
3	600000
3	610000
3	620000
3	630000
3	640000
3	650000
3	660000
3	670000
3	680000
3	690000
3	700000
3	710000
3	720000
3	730000
3	740000
3	750000
3	760000
3	770000
3	780000
3	790000
3	800000
3	810000
3	820000
3	830000
3	840000
3	850000
3	860000
3	870000
3	880000
3	890000
3	900000
3	910000
3	920000
3	930000
3	940000
3	950000
3	960000
3	970000
3	980000
3	990000
3	1000000
3	1010000
3	1020000
3	1030000
3	1040000
3	1050000
3	1060000
3	1070000
3	1080000
3	1090000
3	1100000
3	1110000
3	1120000
3	1130000
3	1140000
3	1150000
3	1160000
3	1170000
3	1180000
3	1190000
3	1200000
3	1210000
3	1220000
3	1230000
3	1240000
3	1250000
3	1260000
3	1270000
3	1280000
3	1290000
3	1300000
3	1310000
3	1320000
3	1330000
3	1340000
3	1350000
3	1360000
3	1370000
3	1380000
3	1390000
3	1400000
3	1410000
3	1420000
3	1430000
3	1440000
3	1450000
3	1460000
3	1470000
3	1480000
3	1490000
3	1500000
3	1510000
3	1520000
3	1530000
3	1540000
3	1550000
3	1560000
3	1570000
3	1580000
3	1590000
3	1600000
3	1610000
3	1620000
3	1630000
3	1640000
3	1650000
3	1660000
3	1670000
3	1680000
3	1690000
3	1700000
3	1710000
3	1720000
3	1730000
3	1740000
3	1750000
3	1760000
3	1770000
3	1780000
3	1790000
3	1800000
3	1810000
3	1820000
3	1830000
3	1840000
3	1850000
3	1860000
3	1870000
3	1880000
3	1890000
3	1900000
3	1910000
3	1920000
3	1930000
3	1940000
3	1950000
3	1960000
3	1970000
3	1980000
3	1990000
3	2000000
3	2010000
3	2020000
3	2030000
3	2040000
3	2050000
3	2060000
3	2070000
3	2080000
3	2090000
3	2100000
3	2110000
3	2120000
3	2130000
3	2140000
3	2150000
3	2160000
3	2170000
3	2180000
3	2190000
3	2200000
3	2210000
3	2220000
3	2230000
3	2240000
3	2250000
3	2260000
3	2270000
3	2280000
3	2290000
3	2300000
3	2310000
3	2320000
3	2330000
3	2340000
3	2350000
3	2360000
3	2370000
3	2380000
3	2390000
3	2400000
3	2410000
3	2420000
3	2430000
3	2440000
3	2450000
3	2460000
3	2470000
3	2480000
3	2490000
3	2500000
3	2510000
3	2520000
3	2530000
3	2540000
3	2550000
3	2560000
3	2570000
3	2580000
3	2590000
3	2600000
3	2610000
3	2620000
3	2630000
3	2640000
3	2650000
3	2660000
3	2670000
3	2680000
3	2690000
3	2700000
3	2710000
3	2720000
3	2730000
3	2740000
3	2750000
3	2760000
3	2770000
3	2780000
3	2790000
3	2800000
3	2810000
3	2820000
3	2830000
3	2840000
3	2850000
3	2860000
3	2870000
3	2880000
3	2890000
3	2900000
3	2910000
3	2920000
3	2930000
3	2940000
3	2950000
3	2960000
3	2970000
3	2980000
3	2990000
3	3000000
3	3010000
3	3020000
3	3030000
3	3040000
3	3050000
3	3060000
3	3070000
3	3080000
3	3090000
3	3100000
3	3110000
3	3120000
3	3130000
3	3140000
3	3150000
3	3160000
3	3170000
3	3180000
3	3190000
3	3200000
3	3210000
3	3220000
3	3230000
3	3240000
3	3250000
3	3260000
3	3270000
3	3280000
3	3290000
3	3300000
3	3310000
3	3320000
3	3330000
3	3340000
3	3350000
3	3360000
3	3370000
3	3380000
3	3390000
3	3400000
3	3410000
3	3420000
3	3430000
3	3440000
3	3450000
3	3460000
3	3470000
3	3480000
3	3490000
3	3500000
3	3510000
3	3520000
3	3530000
3	3540000
3	3550000
3	3560000
3	3570000
3	3580000
3	3590000
3	3600000
3	3610000
3	3620000
3	3630000
3	3640000
3	3650000
3	3660000
3	3670000
3	3680000
3	3690000
3	3700000
3	3710000
3	3720000
3	3730000
3	3740000
3	3750000
3	3760000
3	3770000
3	3780000
3	3790000
3	3800000
3	3810000
3	3820000
3	3830000
3	3840000
3	3850000
3	3860000
3	3870000
3	3880000
3	3890000
3	3900000
3	3910000
3	3920000
3	3930000
3	3940000
3	3950000
3	3960000
3	3970000
3	3980000
3	3990000
3	4000000
3	4010000
3	4020000
3	4030000
3	4040000
3	4050000
3	4060000
3	4070000
3	4080000
3	4090000
3	4100000
3	4110000
3	4120000
3	4130000
3	4140000
3	4150000
3	4160000
3	4170000
3	4180000
3	4190000
3	4200000
3	4210000
3	4220000
3	4230000
3	4240000
3	4250000
3	4260000
3	4270000
3	4280000
3	4290000
3	4300000
3	4310000
3	4320000
3	4330000
3	4340000
3	4350000
3	4360000
3	4370000
3	4380000
3	4390000
3	4400000
3	4410000
3	4420000
3	4430000
3	4440000
3	4450000
3	4460000
3	4470000
3	4480000
3	4490000
3	4500000
3	4510000
3	4520000
3	4530000
3	4540000
3	4550000
3	4560000
3	4570000
3	4580000
3	4590000
3	4600000
3	4610000
3	4620000
3	4630000
3	4640000
3	4650000
3	4660000
3	4670000
3	4680000
3	4690000
3	4700000
3	4710000
3	4720000
3	4730000
3	4740000
3	4750000
3	4760000
3	4770000
3	4780000
3	4790000
3	4800000
3	4810000
3	4820000
3	4830000
3	4840000
3	4850000
3	4860000
3	4870000
3	4880000
3	4890000
3	4900000
3	4910000
3	4920000
3	4930000
3	4940000
3	4950000
3	4960000
3	4970000
3	4980000
3	4990000
3	5000000
3	5010000
3	5020000
3	5030000
3	5040000
3	5050000
3	5060000
3	5070000
3	5080000
3	5090000
3	5100000
3	5110000
3	5120000
3	5130000
3	5140000
3	5150000
3	5160000
3	5170000
3	5180000
3	5190000
3	5200000
3	5210000
3	5220000
3	5230000
3	5240000
3	5250000
3	5260000
3	5270000
3	5280000
3	5290000
3	5300000
3	5310000
3	5320000
3	5330000
3	5340000
3	5350000
3	5360000
3	5370000
3	5380000
3	5390000
3	5400000
3	5410000
3	5420000
3	5430000
3	5440000
3	5450000
3	5460000
3	5470000
3	5480000
3	5490000
3	5500000
3	5510000
3	5520000
3	5530000
3	5540000
3	5550000
3	5560000
3	5570000
3	5580000
3	5590000
3	5600000
3	5610000
3	5620000
3	5630000
3	5640000
3	5650000
3	5660000
3	5670000
3	5680000
3	5690000
3	5700000
3	5710000
3	5720000
3	5730000
3	5740000
3	5750000
3	5760000
3	5770000
3	5780000
3	5790000
3	5800000
3	5810000
3	5820000
3	5830000
3	5840000
3	5850000
3	5860000
3	5870000
3	5880000
3	5890000
3	5900000
3	5910000
3	5920000
3	5930000
3	5940000
3	5950000
3	5960000
3	5970000
3	5980000
3	5990000
3	6000000
3	6010000
3	6020000
3	6030000
3	6040000
3	6050000
3	6060000
3	6070000
3	6080000
3	6090000
3	6100000
3	6110000
3	6120000
3	6130000
3	6140000
3	6150000
3	6160000
3	6170000
3	6180000
3	6190000
3	6200000
3	6210000
3	6220000
3	6230000
3	6240000
3	6250000
3	6260000
3	6270000
3	6280000
3	6290000
3	6300000
3	6310000
3	6320000
3	6330000
3	6340000
3	6350000
3	6360000
3	6370000
3	6380000
3	6390000
3	6400000
3	6410000
3	6420000
3	6430000
3	6440000
3	6450000
3	6460000
3	6470000
3	6480000
3	6490000
3	6500000
3	6510000
3	6520000
3	6530000
3	6540000
3	6550000
3	6560000
3	6570000
3	6580000
3	6590000
3	6600000
3	6610000
3	6620000
3	6630000
3	6640000
3	6650000
3	6660000
3	6670000
3	6680000
3	6690000
3	6700000
3	6710000
3	6720000
3	6730000
3	6740000
3	6750000
3	6760000
3	6770000
3	6780000
3	6790000
3	6800000
3	6810000
3	6820000
3	6830000
3	6840000
3	6850000
3	6860000
3	6870000
3	6880000
3	6890000
3	6900000
3	6910000
3	6920000
3	6930000
3	6940000
3	6950000
3	6960000
3	6970000
3	6980000
3	6990000
3	7000000
3	7010000
3	7020000
3	7030000
3	7040000
3	7050000
3	7060000
3	7070000
3	7080000
3	7090000
3	7100000
3	7110000
3	7120000
3	7130000
3	7140000
3	7150000
3	7160000
3	7170000
3	7180000
3	7190000
3	7200000
3	7210000
3	7220000
3	7230000
3	7240000
3	7250000
3	7260000
3	7270000
3	7280000
3	7290000
3	7300000
3	7310000
3	7320000
3	7330000
3	7340000
3	7350000
3	7360000
3	7370000
3	7380000
3	7390000
3	7400000
3	7410000
3	7420000
3	7430000
3	7440000
3	7450000
3	7460000
3	7470000
3	7480000
3	7490000
3	7500000
3	7510000
3	7520000
3	7530000
3	7540000
3	7550000
3	7560000
3	7570000
3	7580000
3	7590000
3	7600000
3	7610000
3	7620000
3	7630000
3	7640000
3	7650000
3	7660000
3	7670000
3	7680000
3	7690000
3	7700000
3	7710000
3	7720000
3	7730000
3	7740000
3	7750000
3	7760000
3	7770000
3	7780000
3	7790000
3	7800000
3	7810000
3	7820000
3	7830000
3	7840000
3	7850000
3	7860000
3	7870000
3	7880000
3	7890000
3	7900000
3	7910000
3	7920000
3	7930000
3	7940000
3	7950000
3	7960000
3	7970000
3	7980000
3	7990000
3	8000000
3	8010000
3	8020000
3	8030000
3	8040000
3	8050000
3	8060000
3	8070000
3	8080000
3	8090000
3	8100000
3	8110000
3	8120000
3	8130000
3	8140000
3	8150000
3	8160000
3	8170000
3	8180000
3	8190000
3	8200000
3	8210000
3	8220000
3	8230000
3	8240000
3	8250000
3	8260000
3	8270000
3	8280000
3	8290000
3	8300000
3	8310000
3	8320000
3	8330000
3	8340000
3	8350000
3	8360000
3	8370000
3	8380000
3	8390000
3	8400000
3	8410000
3	8420000
3	8430000
3	8440000
3	8450000
3	8460000
3	8470000
3	8480000
3	8490000
3	8500000
3	8510000
3	8520000
3	8530000
3	8540000
3	8550000
3	8560000
3	8570000
3	8580000
3	8590000
3	8600000
3	8610000
3	8620000
3	8630000
3	8640000
3	8650000
3	8660000
3	8670000
3	8680000
3	8690000
3	8700000
3	8710000
3	8720000
3	8730000
3	8740000
3	8750000
3	8760000
3	8770000
3	8780000
3	8790000
3	8800000
3	8810000
3	8820000
3	8830000
3	8840000
3	8850000
3	8860000
3	8870000
3	8880000
3	8890000
3	8900000
3	8910000
3	8920000
3	8930000
3	8940000
3	8950000
3	8960000
3	8970000
3	8980000
3	8990000
3	9000000
3	9010000
3	9020000
3	9030000
3	9040000
3	9050000
3	9060000
3	9070000
3	9080000
3	9090000
3	9100000
3	9110000
3	9120000
3	9130000
3	9140000
3	9150000
3	9160000
3	9170000
3	9180000
3	9190000
3	9200000
3	9210000
3	9220000
3	9230000
3	9240000
3	9250000
3	9260000
3	9270000
3	9280000
3	9290000
3	9300000
3	9310000
3	9320000
3	9330000
3	9340000
3	9350000
3	9360000
3	9370000
3	9380000
3	9390000
3	9400000
3	9410000
3	9420000
3	9430000
3	9440000
3	9450000
3	9460000
3	9470000
3	9480000
3	9490000
3	9500000
3	9510000
3	9520000
3	9530000
3	9540000
3	9550000
3	9560000
3	9570000
3	9580000
3	9590000
3	9600000
3	9610000
3	9620000
3	9630000
3	9640000
3	9650000
3	9660000
3	9670000
3	9680000
3	9690000
3	9700000
3	9710000
3	9720000
3	9730000
3	9740000
3	9750000
3	9760000
3	9770000
3	9780000
3	9790000
3	9800000
3	9810000
3	9820000
3	9830000
3	9840000
3	9850000
3	9860000
3	9870000
3	9880000
3	9890000
3	9900000
3	9910000
3	9920000
3	9930000
3	9940000
3	9950000
3	9960000
3	9970000
3	9980000
3	9990000
3	10000000
3	10010000
3	10020000
3	10030000
3	10040000
3	10050000
3	10060000
3	10070000
3	10080000
3	10090000
3	10100000
3	10110000
3	10120000
3	10130000
3	10140000
3	10150000
3	10160000
3	10170000
3	10180000
3	10190000
3	10200000
3	10210000
3	10220000
3	10230000
3	10240000
3	10250000
3	10260000
3	10270000
3	10280000
3	10290000
3	10300000
3	10310000
3	10320000
3	10330000
3	10340000
3	10350000
3	10360000
3	10370000
3	10380000
3	10390000
3	10400000
3	10410000
3	10420000
3	10430000
3	10440000
3	10450000
3	10460000
3	10470000
3	10480000
3	10490000
3	10500000
3	10510000
3	10520000
3	10530000
3	10540000
3	10550000
3	10560000
3	10570000
3	10580000
3	10590000
3	10600000
3	10610000
3	10620000
3	10630000
3	10640000
3	10650000
3	10660000
3	10670000
3	10680000
3	10690000
3	10700000
3	10710000
3	10720000
3	10730000
3	10740000
3	10750000
3	10760000
3	10770000
3	10780000
3	10790000
3	10800000
3	10810000
3	10820000
3	10830000
3	10840000
3	10850000
3	10860000
3	10870000
3	10880000
3	10890000
3	10900000
3	10910000
3	10920000
3	10930000
3	10940000
3	10950000
3	10960000
3	10970000
3	10980000
3	10990000
3	11000000
3	11010000
3	11020000
3	11030000
3	11040000
3	11050000
3	11060000
3	11070000
3	11080000
3	11090000
3	11100000
3	11110000
3	11120000
3	11130000
3	11140000
3	11150000
3	11160000
3	11170000
3	11180000
3	11190000
3	11200000
3	11210000
3	11220000
3	11230000
3	11240000
3	11250000
3	11260000
3	11270000
3	11280000
3	11290000
3	11300000
3	11310000
3	11320000
3	11330000
3	11340000
3	11350000
3	11360000
3	11370000
3	11380000
3	11390000
3	11400000
3	11410000
3	11420000
3	11430000
3	11440000
3	11450000
3	11460000
3	11470000
3	11480000
3	11490000
3	11500000
3	11510000
3	11520000
3	11530000
3	11540000
3	11550000
3	11560000
3	11570000
3	11580000
3	11590000
3	11600000
3	11610000
3	11620000
3	11630000
3	11640000
3	11650000
3	11660000
3	11670000
3	11680000
3	11690000
3	11700000
3	11710000
3	11720000
3	11730000
3	11740000
3	11750000
3	11760000
3	11770000
3	11780000
3	11790000
3	11800000
3	11810000
3	11820000
3	11830000
3	11840000
3	11850000
3	11860000
3	11870000
3	11880000
3	11890000
3	11900000
3	11910000
3	11920000
3	11930000
3	11940000
3	11950000
3	11960000
3	11970000
3	11980000
3	11990000
3	12000000
3	12010000
3	12020000
3	12030000
3	12040000
3	12050000
3	12060000
3	12070000
3	12080000
3	12090000
3	12100000
3	12110000
3	12120000
3	12130000
3	12140000
3	12150000
3	12160000
3	12170000
3	12180000
3	12190000
3	12200000
3	12210000
3	12220000
3	12230000
3	12240000
3	12250000
3	12260000
3	12270000
3	12280000
3	12290000
3	12300000
3	12310000
3	12320000
3	12330000
3	12340000
3	12350000
3	12360000
3	12370000
3	12380000
3	12390000
3	12400000
3	12410000
3	12420000
3	12430000
3	12440000
3	12450000
3	12460000
3	12470000
3	12480000
3	12490000
3	12500000
3	12510000
3	12520000
3	12530000
3	12540000
3	12550000
3	12560000
3	12570000
3	12580000
3	12590000
3	12600000
3	12610000
3	12620000
3	12630000
3	12640000
3	12650000
3	12660000
3	12670000
3	12680000
3	12690000
3	12700000
3	12710000
3	12720000
3	12730000
3	12740000
3	12750000
3	12760000
3	12770000
3	12780000
3	12790000
3	12800000
3	12810000
3	12820000
3	12830000
3	12840000
3	12850000
3	12860000
3	12870000
3	12880000
3	12890000
3	12900000
3	12910000
3	12920000
3	12930000
3	12940000
3	12950000
3	12960000
3	12970000
3	12980000
3	12990000
3	13000000
3	13010000
3	13020000
3	13030000
3	13040000
3	13050000
3	13060000
3	13070000
3	13080000
3	13090000
3	13100000
3	13110000
3	13120000
3	13130000
3	13140000
3	13150000
3	13160000
3	13170000
3	13180000
3	13190000
3	13200000
3	13210000
3	13220000
3	13230000
3	13240000
3	13250000
3	13260000
3	13270000
3	13280000
3	13290000
3	13300000
3	13310000
3	13320000
3	13330000
3	13340000
3	13350000
3	13360000
3	13370000
3	13380000
3	13390000
3	13400000
3	13410000
3	13420000
3	13430000
3	13440000
3	13450000
3	13460000
3	13470000
3	13480000
3	13490000
3	13500000
3	13510000
3	13520000
3	13530000
3	13540000
3	13550000
3	13560000
3	13570000
3	13580000
3	13590000
3	13600000
3	13610000
3	13620000
3	13630000
3	13640000
3	13650000
3	13660000
3	13670000
3	13680000
3	13690000
3	13700000
3	13710000
3	13720000
3	13730000
3	13740000
3	13750000
3	13760000
3	13770000
3	13780000
3	13790000
3	13800000
3	13810000
3	13820000
3	13830000
3	13840000
3	13850000
3	13860000
3	13870000
3	13880000
3	13890000
3	13900000
3	13910000
3	13920000
3	13930000
3	13940000
3	13950000
3	13960000
3	13970000
3	13980000
3	13990000
3	14000000
3	14010000
3	14020000
3	14030000
3	14040000
3	14050000
3	14060000
3	14070000
3	14080000
3	14090000
3	14100000
3	14110000
3	14120000
3	14130000
3	14140000
3	14150000
3	14160000
3	14170000
3	14180000
3	14190000
3	14200000
3	14210000
3	14220000
3	14230000
3	14240000
3	14250000
3	14260000
3	14270000
3	14280000
3	14290000
3	14300000
3	14310000
3	14320000
3	14330000
3	14340000
3	14350000
3	14360000
3	14370000
3	14380000
3	14390000
3	14400000
3	14410000
3	14420000
3	14430000
3	14440000
3	14450000
3	14460000
3	14470000
3	14480000
3	14490000
3	14500000
3	14510000
3	14520000
3	14530000
3	14540000
3	14550000
3	14560000
3	14570000
3	14580000
3	14590000
3	14600000
3	14610000
3	14620000
3	14630000
3	14640000
3	14650000
3	14660000
3	14670000
3	14680000
3	14690000
3	14700000
3	14710000
3	14720000
3	14730000
3	14740000
3	14750000
3	14760000
3	14770000
3	14780000
3	14790000
3	14800000
3	14810000
3	14820000
3	14830000
3	14840000
3	14850000
3	14860000
3	14870000
3	14880000
3	14890000
3	14900000
3	14910000
3	14920000
3	14930000
3	14940000
3	14950000
3	14960000
3	14970000
3	14980000
3	14990000
3	15000000
3	15010000
3	15020000
3	15030000
3	15040000
3	15050000
3	15060000
3	15070000
3	15080000
3	15090000
3	15100000
3	15110000
3	15120000
3	15130000
3	15140000
3	15150000
3	15160000
3	15170000
3	15180000
3	15190000
3	15200000
3	15210000
3	15220000
3	15230000
3	15240000
3	15250000
3	15260000
3	15270000
3	15280000
3	15290000
3	15300000
3	15310000
3	15320000
3	15330000
3	15340000
3	15350000
3	15360000
3	15370000
3	15380000
3	15390000
3	15400000
3	15410000
3	15420000
3	15430000
3	15440000
3	15450000
3	15460000
3	15470000
3	15480000
3	15490000
3	15500000
3	15510000
3	15520000
3	15530000
3	15540000
3	15550000
3	15560000
3	15570000
3	15580000
3	15590000
3	15600000
3	15610000
3	15620000
3	15630000
3	15640000
3	15650000
3	15660000
3	15670000
3	15680000
3	15690000
3	15700000
3	15710000
3	15720000
3	15730000
3	15740000
3	15750000
3	15760000
3	15770000
3	15780000
3	15790000
3	15800000
3	15810000
3	15820000
3	15830000
3	15840000
3	15850000
3	15860000
3	15870000
3	15880000
3	15890000
3	15900000
3	15910000
3	15920000
3	15930000
3	15940000
3	15950000
3	15960000
3	15970000
3	15980000
3	15990000
3	16000000
3	16010000
3	16020000
3	16030000
3	16040000
3	16050000
3	16060000
3	16070000
3	16080000
3	16090000
3	16100000
3	16110000
3	16120000
3	16130000
3	16140000
3	16150000
3	16160000
3	16170000
3	16180000
3	16190000
3	16200000
3	16210000
3	16220000
3	16230000
3	16240000
3	16250000
3	16260000
3	16270000
3	16280000
3	16290000
3	16300000
3	16310000
3	16320000
3	16330000
3	16340000
3	16350000
3	16360000
3	16370000
3	16380000
3	16390000
3	16400000
3	16410000
3	16420000
3	16430000
3	16440000
3	16450000
3	16460000
3	16470000
3	16480000
3	16490000
3	16500000
3	16510000
3	16520000
3	16530000
3	16540000
3	16550000
3	16560000
3	16570000
3	16580000
3	16590000
3	16600000
3	16610000
3	16620000
3	16630000
3	16640000
3	16650000
3	16660000
3	16670000
3	16680000
3	16690000
3	16700000
3	16710000
3	16720000
3	16730000
3	16740000
3	16750000
3	16760000
3	16770000
3	16780000
3	16790000
3	16800000
3	16810000
3	16820000
3	16830000
3	16840000
3	16850000
3	16860000
3	16870000
3	16880000
3	16890000
3	16900000
3	16910000
3	16920000
3	16930000
3	16940000
3	16950000
3	16960000
3	16970000
3	16980000
3	16990000
3	17000000
3	17010000
3	17020000
3	17030000
3	17040000
3	17050000
3	17060000
3	17070000
3	17080000
3	17090000
3	17100000
3	17110000
3	17120000
3	17130000
3	17140000
3	17150000
3	17160000
3	17170000
3	17180000
3	17190000
3	17200000
3	17210000
3	17220000
3	17230000
3	17240000
3	17250000
3	17260000
3	17270000
3	17280000
3	17290000
3	17300000
3	17310000
3	17320000
3	17330000
3	17340000
3	17350000
3	17360000
3	17370000
3	17380000
3	17390000
3	17400000
3	17410000
3	17420000
3	17430000
3	17440000
3	17450000
3	17460000
3	17470000
3	17480000
3	17490000
3	17500000
3	17510000
3	17520000
3	17530000
3	17540000
3	17550000
3	17560000
3	17570000
3	17580000
3	17590000
3	17600000
3	17610000
3	17620000
3	17630000
3	17640000
3	17650000
3	17660000
3	17670000
3	17680000
3	17690000
3	17700000
3	17710000
3	17720000
3	17730000
3	17740000
3	17750000
3	17760000
3	17770000
3	17780000
3	17790000
3	17800000
3	17810000
3	17820000
3	17830000
3	17840000
3	17850000
3	17860000
3	17870000
3	17880000
3	17890000
3	17900000
3	17910000
3	17920000
3	17930000
3	17940000
3	17950000
3	17960000
3	17970000
3	17980000
3	17990000
3	18000000
3	18010000
3	18020000
3	18030000
3	18040000
3	18050000
3	18060000
3	18070000
3	18080000
3	18090000
3	18100000
3	18110000
3	18120000
3	18130000
3	18140000
3	18150000
3	18160000
3	18170000
3	18180000
3	18190000
3	18200000
3	18210000
3	18220000
3	18230000
3	18240000
3	18250000
3	18260000
3	18270000
3	18280000
3	18290000
3	18300000
3	18310000
3	18320000
3	18330000
3	18340000
3	18350000
3	18360000
3	18370000
3	18380000
3	18390000
3	18400000
3	18410000
3	18420000
3	18430000
3	18440000
3	18450000
3	18460000
3	18470000
3	18480000
3	18490000
3	18500000
3	18510000
3	18520000
3	18530000
3	18540000
3	18550000
3	18560000
3	18570000
3	18580000
3	18590000
3	18600000
3	18610000
3	18620000
3	18630000
3	18640000
3	18650000
3	18660000
3	18670000
3	18680000
3	18690000
3	18700000
3	18710000
3	18720000
3	18730000
3	18740000
3	18750000
3	18760000
3	18770000
3	18780000
3	18790000
3	18800000
3	18810000
3	18820000
3	18830000
3	18840000
3	18850000
3	18860000
3	18870000
3	18880000
3	18890000
3	18900000
3	18910000
3	18920000
3	18930000
3	18940000
3	18950000
3	18960000
3	18970000
3	18980000
3	18990000
3	19000000
3	19010000
3	19020000
3	19030000
3	19040000
3	19050000
3	19060000
3	19070000
3	19080000
3	19090000
3	19100000
3	19110000
3	19120000
3	19130000
3	19140000
3	19150000
3	19160000
3	19170000
3	19180000
3	19190000
3	19200000
3	19210000
3	19220000
3	19230000
3	19240000
3	19250000
3	19260000
3	19270000
3	19280000
3	19290000
3	19300000
3	19310000
3	19320000
3	19330000
3	19340000
3	19350000
3	19360000
3	19370000
3	19380000
3	19390000
3	19400000
3	19410000
3	19420000
3	19430000
3	19440000
3	19450000
3	19460000
3	19470000
3	19480000
3	19490000
3	19500000
3	19510000
3	19520000
3	19530000
3	19540000
3	19550000
3	19560000
3	19570000
3	19580000
3	19590000
3	19600000
3	19610000
3	19620000
3	19630000
3	19640000
3	19650000
3	19660000
3	19670000
3	19680000
3	19690000
3	19700000
3	19710000
3	19720000
3	19730000
3	19740000
3	19750000
3	19760000
3	19770000
3	19780000
3	19790000
3	19800000
3	19810000
3	19820000
3	19830000
3	19840000
3	19850000
3	19860000
3	19870000
3	19880000
3	19890000
3	19900000
3	19910000
3	19920000
3	19930000
3	19940000
3	19950000
3	19960000
3	19970000
3	19980000
3	19990000
3	20000000
3	20010000
3	20020000
3	20030000
3	20040000
3	20050000
3	20060000
3	20070000
3	20080000
3	20090000
3	20100000
3	20110000
3	20120000
3	20130000
3	20140000
3	20150000
3	20160000
3	20170000
3	20180000
3	20190000
3	20200000
3	20210000
3	20220000
3	20230000
3	20240000
3	20250000
3	20260000
3	20270000
3	20280000
3	20290000
3	20300000
3	20310000
3	20320000
3	20330000
3	20340000
3	20350000
3	20360000
3	20370000
3	20380000
3	20390000
3	20400000
3	20410000
3	20420000
3	20430000
3	20440000
3	20450000
3	20460000
3	20470000
3	20480000
3	20490000
3	20500000
3	20510000
3	20520000
3	20530000
3	20540000
3	20550000
3	20560000
3	20570000
3	20580000
3	20590000
3	20600000
3	20610000
3	20620000
3	20630000
3	20640000
3	20650000
3	20660000
3	20670000
3	20680000
3	20690000
3	20700000
3	20710000
3	20720000
3	20730000
3	20740000
3	20750000
3	20760000
3	20770000
3	20780000
3	20790000
3	20800000
3	20810000
3	20820000
3	20830000
3	20840000
3	20850000
3	20860000
3	20870000
3	20880000
3	20890000
3	20900000
3	20910000
3	20920000
3	20930000
3	20940000
3	20950000
3	20960000
3	20970000
3	20980000
3	20990000
3	21000000
3	21010000
3	21020000
3	21030000
3	21040000
3	21050000
3	21060000
3	21070000
3	21080000
3	21090000
3	21100000
3	21110000
3	21120000
3	21130000
3	21140000
3	21150000
3	21160000
3	21170000
3	21180000
3	21190000
3	21200000
3	21210000
3	21220000
3	21230000
3	21240000
3	21250000
3	21260000
3	21270000
3	21280000
3	21290000
3	21300000
3	21310000
3	21320000
3	21330000
3	21340000
3	21350000
3	21360000
3	21370000
3	21380000
3	21390000
3	21400000
3	21410000
3	21420000
3	21430000
3	21440000
3	21450000
3	21460000
3	21470000
3	21480000
3	21490000
3	21500000
3	21510000
3	21520000
3	21530000
3	21540000
3	21550000
3	21560000
3	21570000
3	21580000
3	21590000
3	21600000
3	21610000
3	21620000
3	21630000
3	21640000
3	21650000
3	21660000
3	21670000
3	21680000
3	21690000
3	21700000
3	21710000
3	21720000
3	21730000
3	21740000
3	21750000
3	21760000
3	21770000
3	21780000
3	21790000
3	21800000
3	21810000
3	21820000
3	21830000
3	21840000
3	21850000
3	21860000
3	21870000
3	21880000
3	21890000
3	21900000
3	21910000
3	21920000
3	21930000
3	21940000
3	21950000
3	21960000
3	21970000
3	21980000
3	21990000
3	22000000
3	22010000
3	22020000
3	22030000
3	22040000
3	22050000
3	22060000
3	22070000
3	22080000
3	22090000
3	22100000
3	22110000
3	22120000
3	22130000
3	22140000
3	22150000
3	22160000
3	22170000
3	22180000
3	22190000
3	22200000
3	22210000
3	22220000
3	22230000
3	22240000
3	22250000
3	22260000
3	22270000
3	22280000
3	22290000
3	22300000
3	22310000
3	22320000
3	22330000
3	22340000
3	22350000
3	22360000
3	22370000
3	22380000
3	22390000
3	22400000
3	22410000
3	22420000
3	22430000
3	22440000
3	22450000
3	22460000
3	22470000
3	22480000
3	22490000
3	22500000
3	22510000
3	22520000
3	22530000
3	22540000
3	22550000
3	22560000
3	22570000
3	22580000
3	22590000
3	22600000
3	22610000
3	22620000
3	22630000
3	22640000
3	22650000
3	22660000
3	22670000
3	22680000
3	22690000
3	22700000
3	22710000
3	22720000
3	22730000
3	22740000
3	22750000
3	22760000
3	22770000
3	22780000
3	22790000
3	22800000
3	22810000
3	22820000
3	22830000
3	22840000
3	22850000
3	22860000
3	22870000
3	22880000
3	22890000
3	22900000
3	22910000
3	22920000
3	22930000
3	22940000
3	22950000
3	22960000
3	22970000
3	22980000
3	22990000
3	23000000
3	23010000
3	23020000
3	23030000
3	23040000
3	23050000
3	23060000
3	23070000
3	23080000
3	23090000
3	23100000
3	23110000
3	23120000
3	23130000
3	23140000
3	23150000
3	23160000
3	23170000
3	23180000
3	23190000
3	23200000
3	23210000
3	23220000
3	23230000
3	23240000
3	23250000
3	23260000
3	23270000
3	23280000
3	23290000
3	23300000
3	23310000
3	23320000
3	23330000
3	23340000
3	23350000
3	23360000
3	23370000
3	23380000
3	23390000
3	23400000
3	23410000
3	23420000
3	23430000
3	23440000
3	23450000
3	23460000
3	23470000
3	23480000
3	23490000
3	23500000
3	23510000
3	23520000
3	23530000
3	23540000
3	23550000
3	23560000
3	23570000
3	23580000
3	23590000
3	23600000
3	23610000
3	23620000
3	23630000
3	23640000
3	23650000
3	23660000
3	23670000
3	23680000
3	23690000
3	23700000
3	23710000
3	23720000
3	23730000
3	23740000
3	23750000
3	23760000
3	23770000
3	23780000
3	23790000
3	23800000
3	23810000
3	23820000
3	23830000
3	23840000
3	23850000
3	23860000
3	23870000
3	23880000
3	23890000
3	23900000
3	23910000
3	23920000
3	23930000
3	23940000
3	23950000
3	23960000
3	23970000
3	23980000
3	23990000
3	24000000
3	24010000
3	24020000
3	24030000
3	24040000
3	24050000
3	24060000
3	24070000
3	24080000
3	24090000
3	24100000
3	24110000
3	24120000
3	24130000
3	24140000
3	24150000
3	24160000
3	24170000
3	24180000
3	24190000
3	24200000
3	24210000
3	24220000
3	24230000
3	24240000
3	24250000
3	24260000
3	24270000
3	24280000
3	24290000
3	24300000
3	24310000
3	24320000
3	24330000
3	24340000
3	24350000
3	24360000
3	24370000
3	24380000
3	24390000
3	24400000
3	24410000
3	24420000
3	24430000
3	24440000
3	24450000
3	24460000
3	24470000
3	24480000
3	24490000
3	24500000
3	24510000
3	24520000
3	24530000
3	24540000
3	24550000
3	24560000
3	24570000
3	24580000
3	24590000
3	24600000
3	24610000
3	24620000
3	24630000
3	24640000
3	24650000
3	24660000
3	24670000
3	24680000
3	24690000
3	24700000
3	24710000
3	24720000
3	24730000
3	24740000
3	24750000
3	24760000
3	24770000
3	24780000
3	24790000
3	24800000
3	24810000
3	24820000
3	24830000
3	24840000
3	24850000
3	24860000
3	24870000
3	24880000
3	24890000
3	24900000
3	24910000
3	24920000
3	24930000
3	24940000
3	24950000
3	24960000
3	24970000
3	24980000
3	24990000
3	25000000
3	25010000
3	25020000
3	25030000
3	25040000
3	25050000
3	25060000
3	25070000
3	25080000
3	25090000
3	25100000
3	25110000
3	25120000
3	25130000
3	25140000
3	25150000
3	25160000
3	25170000
3	25180000
3	25190000
3	25200000
3	25210000
3	25220000
3	25230000
3	25240000
3	25250000
3	25260000
3	25270000
3	25280000
3	25290000
3	25300000
3	25310000
3	25320000
3	25330000
3	25340000
3	25350000
3	25360000
3	25370000
3	25380000
3	25390000
3	25400000
3	25410000
3	25420000
3	25430000
3	25440000
3	25450000
3	25460000
3	25470000
3	25480000
3	25490000
3	25500000
3	25510000
3	25520000
3	25530000
3	25540000
3	25550000
3	25560000
3	25570000
3	25580000
3	25590000
3	25600000
3	25610000
3	25620000
3	25630000
3	25640000
3	25650000
3	25660000
3	25670000
3	25680000
3	25690000
3	25700000
3	25710000
3	25720000
3	25730000
3	25740000
3	25750000
3	25760000
3	25770000
3	25780000
3	25790000
3	25800000
3	25810000
3	25820000
3	25830000
3	25840000
3	25850000
3	25860000
3	25870000
3	25880000
3	25890000
3	25900000
3	25910000
3	25920000
3	25930000
3	25940000
3	25950000
3	25960000
3	25970000
3	25980000
3	25990000
3	26000000
3	26010000
3	26020000
3	26030000
3	26040000
3	26050000
3	26060000
3	26070000
3	26080000
3	26090000
3	26100000
3	26110000
3	26120000
3	26130000
3	26140000
3	26150000
3	26160000
3	26170000
3	26180000
3	26190000
3	26200000
3	26210000
3	26220000
3	26230000
3	26240000
3	26250000
3	26260000
3	26270000
3	26280000
3	26290000
3	26300000
3	26310000
3	26320000
3	26330000
3	26340000
3	26350000
3	26360000
3	26370000
3	26380000
3	26390000
3	26400000
3	26410000
3	26420000
3	26430000
3	26440000
3	26450000
3	26460000
3	26470000
3	26480000
3	26490000
3	26500000
3	26510000
3	26520000
3	26530000
3	26540000
3	26550000
3	26560000
3	26570000
3	26580000
3	26590000
3	26600000
3	26610000
3	26620000
3	26630000
3	26640000
3	26650000
3	26660000
3	26670000
3	26680000
3	26690000
3	26700000
3	26710000
3	26720000
3	26730000
3	26740000
3	26750000
3	26760000
3	26770000
3	26780000
3	26790000
3	26800000
3	26810000
3	26820000
3	26830000
3	26840000
3	26850000
3	26860000
3	26870000
3	26880000
3	26890000
3	26900000
3	26910000
3	26920000
3	26930000
3	26940000
3	26950000
3	26960000
3	26970000
3	26980000
3	26990000
3	27000000
3	27010000
3	27020000
3	27030000
3	27040000
3	27050000
3	27060000
3	27070000
3	27080000
3	27090000
3	27100000
3	27110000
3	27120000
3	27130000
3	27140000
3	27150000
3	27160000
3	27170000
3	27180000
3	27190000
3	27200000
3	27210000
3	27220000
3	27230000
3	27240000
3	27250000
3	27260000
3	27270000
3	27280000
3	27290000
3	27300000
3	27310000
3	27320000
3	27330000
3	27340000
3	27350000
3	27360000
3	27370000
3	27380000
3	27390000
3	27400000
3	27410000
3	27420000
3	27430000
3	27440000
3	27450000
3	27460000
3	27470000
3	27480000
3	27490000
3	27500000
3	27510000
3	27520000
3	27530000
3	27540000
3	27550000
3	27560000
3	27570000
3	27580000
3	27590000
3	27600000
3	27610000
3	27620000
3	27630000
3	27640000
3	27650000
3	27660000
3	27670000
3	27680000
3	27690000
3	27700000
3	27710000
3	27720000
3	27730000
3	27740000
3	27750000
3	27760000
3	27770000
3	27780000
3	27790000
3	27800000
3	27810000
3	27820000
3	27830000
3	27840000
3	27850000
3	27860000
3	27870000
3	27880000
3	27890000
3	27900000
3	27910000
3	27920000
3	27930000
3	27940000
3	27950000
3	27960000
3	27970000
3	27980000
3	27990000
3	28000000
3	28010000
3	28020000
3	28030000
3	28040000
3	28050000
3	28060000
3	28070000
3	28080000
3	28090000
3	28100000
3	28110000
3	28120000
3	28130000
3	28140000
3	28150000
3	28160000
3	28170000
3	28180000
3	28190000
3	28200000
3	28210000
3	28220000
3	28230000
3	28240000
3	28250000
3	28260000
3	28270000
3	28280000
3	28290000
3	28300000
3	28310000
3	28320000
3	28330000
3	28340000
3	28350000
3	28360000
3	28370000
3	28380000
3	28390000
3	28400000
3	28410000
3	28420000
3	28430000
3	28440000
3	28450000
3	28460000
3	28470000
3	28480000
3	28490000
3	28500000
3	28510000
3	28520000
3	28530000
3	28540000
3	28550000
3	28560000
3	28570000
3	28580000
3	28590000
3	28600000
3	28610000
3	28620000
3	28630000
3	28640000
3	28650000
3	28660000
3	28670000
3	28680000
3	28690000
3	28700000
3	28710000
3	28720000
3	28730000
3	28740000
3	28750000
3	28760000
3	28770000
3	28780000
3	28790000
3	28800000
3	28810000
3	28820000
3	28830000
3	28840000
3	28850000
3	28860000
3	28870000
3	28880000
3	28890000
3	28900000
3	28910000
3	28920000
3	28930000
3	28940000
3	28950000
3	28960000
3	28970000
3	28980000
3	28990000
3	29000000
3	29010000
3	29020000
3	29030000
3	29040000
3	29050000
3	29060000
3	29070000
3	29080000
3	29090000
3	29100000
3	29110000
3	29120000
3	29130000
3	29140000
3	29150000
3	29160000
3	29170000
3	29180000
3	29190000
3	29200000
3	29210000
3	29220000
3	29230000
3	29240000
3	29250000
3	29260000
3	29270000
3	29280000
3	29290000
3	29300000
3	29310000
3	29320000
3	29330000
3	29340000
3	29350000
3	29360000
3	29370000
3	29380000
3	29390000
3	29400000
3	29410000
3	29420000
3	29430000
3	29440000
3	29450000
3	29460000
3	29470000
3	29480000
3	29490000
3	29500000
3	29510000
3	29520000
3	29530000
3	29540000
3	29550000
3	29560000
3	29570000
3	29580000
3	29590000
3	29600000
3	29610000
3	29620000
3	29630000
3	29640000
3	29650000
3	29660000
3	29670000
3	29680000
3	29690000
3	29700000
3	29710000
3	29720000
3	29730000
3	29740000
3	29750000
3	29760000
3	29770000
3	29780000
3	29790000
3	29800000
3	29810000
3	29820000
3	29830000
3	29840000
3	29850000
3	29860000
3	29870000
3	29880000
3	29890000
3	29900000
3	29910000
3	29920000
3	29930000
3	29940000
3	29950000
3	29960000
3	29970000
3	29980000
3	29990000
3	30000000
3	30010000
3	30020000
3	30030000
3	30040000
3	30050000
3	30060000
3	30070000
3	30080000
3	30090000
3	30100000
3	30110000
3	30120000
3	30130000
3	30140000
3	30150000
3	30160000
3	30170000
3	30180000
3	30190000
3	30200000
3	30210000
3	30220000
3	30230000
3	30240000
3	30250000
3	30260000
3	30270000
3	30280000
3	30290000
3	30300000
3	30310000
3	30320000
3	30330000
3	30340000
3	30350000
3	30360000
3	30370000
3	30380000
3	30390000
3	30400000
3	30410000
3	30420000
3	30430000
3	30440000
3	30450000
3	30460000
3	30470000
3	30480000
3	30490000
3	30500000
3	30510000
3	30520000
3	30530000
3	30540000
3	30550000
3	30560000
3	30570000
3	30580000
3	30590000
3	30600000
3	30610000
3	30620000
3	30630000
3	30640000
3	30650000
3	30660000
3	30670000
3	30680000
3	30690000
3	30700000
3	30710000
3	30720000
3	30730000
3	30740000
3	30750000
3	30760000
3	30770000
3	30780000
3	30790000
3	30800000
3	30810000
3	30820000
3	30830000
3	30840000
3	30850000
3	30860000
3	30870000
3	30880000
3	30890000
3	30900000
3	30910000
3	30920000
3	30930000
3	30940000
3	30950000
3	30960000
3	30970000
3	30980000
3	30990000
3	31000000
3	31010000
3	31020000
3	31030000
3	31040000
3	31050000
3	31060000
3	31070000
3	31080000
3	31090000
3	31100000
3	31110000
3	31120000
3	31130000
3	31140000
3	31150000
3	31160000
3	31170000
3	31180000
3	31190000
3	31200000
3	31210000
3	31220000
3	31230000
3	31240000
3	31250000
3	31260000
3	31270000
3	31280000
3	31290000
3	31300000
3	31310000
3	31320000
3	31330000
3	31340000
3	31350000
3	31360000
3	31370000
3	31380000
3	31390000
3	31400000
3	31410000
3	31420000
3	31430000
3	31440000
3	31450000
3	31460000
3	31470000
3	31480000
3	31490000
3	31500000
3	31510000
3	31520000
3	31530000
3	31540000
3	31550000
3	31560000
3	31570000
3	31580000
3	31590000
3	31600000
3	31610000
3	31620000
3	31630000
3	31640000
3	31650000
3	31660000
3	31670000
3	31680000
3	31690000
3	31700000
3	31710000
3	31720000
3	31730000
3	31740000
3	31750000
3	31760000
3	31770000
3	31780000
3	31790000
3	31800000
3	31810000
3	31820000
3	31830000
3	31840000
3	31850000
3	31860000
3	31870000
3	31880000
3	31890000
3	31900000
3	31910000
3	31920000
3	31930000
3	31940000
3	31950000
3	31960000
3	31970000
3	31980000
3	31990000
3	32000000
3	32010000
3	32020000
3	32030000
3	32040000
3	32050000
3	32060000
3	32070000
3	32080000
3	32090000
3	32100000
3	32110000
3	32120000
3	32130000
3	32140000
3	32150000
3	32160000
3	32170000
3	32180000
3	32190000
3	32200000
3	32210000
3	32220000
3	32230000
3	32240000
3	32250000
3	32260000
3	32270000
3	32280000
3	32290000
3	32300000
3	32310000
3	32320000
3	32330000
3	32340000
3	32350000
3	32360000
3	32370000
3	32380000
3	32390000
3	32400000
3	32410000
3	32420000
3	32430000
3	32440000
3	32450000
3	32460000
3	32470000
3	32480000
3	32490000
3	32500000
3	32510000
3	32520000
3	32530000
3	32540000
3	32550000
3	32560000
3	32570000
3	32580000
3	32590000
3	32600000
3	32610000
3	32620000
3	32630000
3	32640000
3	32650000
3	32660000
3	32670000
3	32680000
3	32690000
3	32700000
3	32710000
3	32720000
3	32730000
3	32740000
3	32750000
3	32760000
3	32770000
3	32780000
3	32790000
3	32800000
3	32810000
3	32820000
3	32830000
3	32840000
3	32850000
3	32860000
3	32870000
3	32880000
3	32890000
3	32900000
3	32910000
3	32920000
3	32930000
3	32940000
3	32950000
3	32960000
3	32970000
3	32980000
3	32990000
3	33000000
3	33010000
3	33020000
3	33030000
3	33040000
3	33050000
3	33060000
3	33070000
3	33080000
3	33090000
3	33100000
3	33110000
3	33120000
3	33130000
3	33140000
3	33150000
3	33160000
3	33170000
3	33180000
3	33190000
3	33200000
3	33210000
3	33220000
3	33230000
3	33240000
3	33250000
3	33260000
3	33270000
3	33280000
3	33290000
3	33300000
3	33310000
3	33320000
3	33330000
3	33340000
3	33350000
3	33360000
3	33370000
3	33380000
3	33390000
3	33400000
3	33410000
3	33420000
3	33430000
3	33440000
3	33450000
3	33460000
3	33470000
3	33480000
3	33490000
3	33500000
3	33510000
3	33520000
3	33530000
3	33540000
3	33550000
3	33560000
3	33570000
3	33580000
3	33590000
3	33600000
3	33610000
3	33620000
3	33630000
3	33640000
3	33650000
3	33660000
3	33670000
3	33680000
3	33690000
3	33700000
3	33710000
3	33720000
3	33730000
3	33740000
3	33750000
3	33760000
3	33770000
3	33780000
3	33790000
3	33800000
3	33810000
3	33820000
3	33830000
3	33840000
3	33850000
3	33860000
3	33870000
3	33880000
3	33890000
3	33900000
3	33910000
3	33920000
3	33930000
3	33940000
3	33950000
3	33960000
3	33970000
3	33980000
3	33990000
3	34000000
3	34010000
3	34020000
3	34030000
3	34040000
3	34050000
3	34060000
3	34070000
3	34080000
3	34090000
3	34100000
3	34110000
3	34120000
3	34130000
3	34140000
3	34150000
3	34160000
3	34170000
3	34180000
3	34190000
3	34200000
3	34210000
3	34220000
3	34230000
3	34240000
3	34250000
3	34260000
3	34270000
3	34280000
3	34290000
3	34300000
3	34310000
3	34320000
3	34330000
3	34340000
3	34350000
3	34360000
3	34370000
3	34380000
3	34390000
3	34400000
3	34410000
3	34420000
3	34430000
3	34440000
3	34450000
3	34460000
3	34470000
3	34480000
3	34490000
3	34500000
3	34510000
3	34520000
3	34530000
3	34540000
3	34550000
3	34560000
3	34570000
3	34580000
3	34590000
3	34600000
3	34610000
3	34620000
3	34630000
3	34640000
3	34650000
3	34660000
3	34670000
3	34680000
3	34690000
3	34700000
3	34710000
3	34720000
3	34730000
3	34740000
3	34750000
3	34760000
3	34770000
3	34780000
3	34790000
3	34800000
3	34810000
3	34820000
3	34830000
3	34840000
3	34850000
3	34860000
3	34870000
3	34880000
3	34890000
3	34900000
3	34910000
3	34920000
3	34930000
3	34940000
3	34950000
3	34960000
3	34970000
3	34980000
3	34990000
3	35000000
3	35010000
3	35020000
3	35030000
3	35040000
3	35050000
3	35060000
3	35070000
3	35080000
3	35090000
3	35100000
3	35110000
3	35120000
3	35130000
3	35140000
3	35150000
3	35160000
3	35170000
3	35180000
3	35190000
3	35200000
3	35210000
3	35220000
3	35230000
3	35240000
3	35250000
3	35260000
3	35270000
3	35280000
3	35290000
3	35300000
3	35310000
3	35320000
3	35330000
3	35340000
3	35350000
3	35360000
3	35370000
3	35380000
3	35390000
3	35400000
3	35410000
3	35420000
3	35430000
3	35440000
3	35450000
3	35460000
3	35470000
3	35480000
3	35490000
3	35500000
3	35510000
3	35520000
3	35530000
3	35540000
3	35550000
3	35560000
3	35570000
3	35580000
3	35590000
3	35600000
3	35610000
3	35620000
3	35630000
3	35640000
3	35650000
3	35660000
3	35670000
3	35680000
3	35690000
3	35700000
3	35710000
3	35720000
3	35730000
3	35740000
3	35750000
3	35760000
3	35770000
3	35780000
3	35790000
3	35800000
3	35810000
3	35820000
3	35830000
3	35840000
3	35850000
3	35860000
3	35870000
3	35880000
3	35890000
3	35900000
3	35910000
3	35920000
3	35930000
3	35940000
3	35950000
3	35960000
3	35970000
3	35980000
3	35990000
3	36000000
3	36010000
3	36020000
3	36030000
3	36040000
3	36050000
3	36060000
3	36070000
3	36080000
3	36090000
3	36100000
3	36110000
3	36120000
3	36130000
3	36140000
3	36150000
3	36160000
3	36170000
3	36180000
3	36190000
3	36200000
3	36210000
3	36220000
3	36230000
3	36240000
3	36250000
3	36260000
3	36270000
3	36280000
3	36290000
3	36300000
3	36310000
3	36320000
3	36330000
3	36340000
3	36350000
3	36360000
3	36370000
3	36380000
3	36390000
3	36400000
3	36410000
3	36420000
3	36430000
3	36440000
3	36450000
3	36460000
3	36470000
3	36480000
3	36490000
3	36500000
3	36510000
3	36520000
3	36530000
3	36540000
3	36550000
3	36560000
3	36570000
3	36580000
3	36590000
3	36600000
3	36610000
3	36620000
3	36630000
3	36640000
3	36650000
3	36660000
3	36670000
3	36680000
3	36690000
3	36700000
3	36710000
3	36720000
3	36730000
3	36740000
3	36750000
3	36760000
3	36770000
3	36780000
3	36790000
3	36800000
3	36810000
3	36820000
3	36830000
3	36840000
3	36850000
3	36860000
3	36870000
3	36880000
3	36890000
3	36900000
3	36910000
3	36920000
3	36930000
3	36940000
3	36950000
3	36960000
3	36970000
3	36980000
3	36990000
3	37000000
3	37010000
3	37020000
3	37030000
3	37040000
3	37050000
3	37060000
3	37070000
3	37080000
3	37090000
3	37100000
3	37110000
3	37120000
3	37130000
3	37140000
3	37150000
3	37160000
3	37170000
3	37180000
3	37190000
3	37200000
3	37210000
3	37220000
3	37230000
3	37240000
3	37250000
3	37260000
3	37270000
3	37280000
3	37290000
3	37300000
3	37310000
3	37320000
3	37330000
3	37340000
3	37350000
3	37360000
3	37370000
3	37380000
3	37390000
3	37400000
3	37410000
3	37420000
3	37430000
3	37440000
3	37450000
3	37460000
3	37470000
3	37480000
3	37490000
3	37500000
3	37510000
3	37520000
3	37530000
3	37540000
3	37550000
3	37560000
3	37570000
3	37580000
3	37590000
3	37600000
3	37610000
3	37620000
3	37630000
3	37640000
3	37650000
3	37660000
3	37670000
3	37680000
3	37690000
3	37700000
3	37710000
3	37720000
3	37730000
3	37740000
3	37750000
3	37760000
3	37770000
3	37780000
3	37790000
3	37800000
3	37810000
3	37820000
3	37830000
3	37840000
3	37850000
3	37860000
3	37870000
3	37880000
3	37890000
3	37900000
3	37910000
3	37920000
3	37930000
3	37940000
3	37950000
3	37960000
3	37970000
3	37980000
3	37990000
3	38000000
3	38010000
3	38020000
3	38030000
3	38040000
3	38050000
3	38060000
3	38070000
3	38080000
3	38090000
3	38100000
3	38110000
3	38120000
3	38130000
3	38140000
3	38150000
3	38160000
3	38170000
3	38180000
3	38190000
3	38200000
3	38210000
3	38220000
3	38230000
3	38240000
3	38250000
3	38260000
3	38270000
3	38280000
3	38290000
3	38300000
3	38310000
3	38320000
3	38330000
3	38340000
3	38350000
3	38360000
3	38370000
3	38380000
3	38390000
3	38400000
3	38410000
3	38420000
3	38430000
3	38440000
3	38450000
3	38460000
3	38470000
3	38480000
3	38490000
3	38500000
3	38510000
3	38520000
3	38530000
3	38540000
3	38550000
3	38560000
3	38570000
3	38580000
3	38590000
3	38600000
3	38610000
3	38620000
3	38630000
3	38640000
3	38650000
3	38660000
3	38670000
3	38680000
3	38690000
3	38700000
3	38710000
3	38720000
3	38730000
3	38740000
3	38750000
3	38760000
3	38770000
3	38780000
3	38790000
3	38800000
3	38810000
3	38820000
3	38830000
3	38840000
3	38850000
3	38860000
3	38870000
3	38880000
3	38890000
3	38900000
3	38910000
3	38920000
3	38930000
3	38940000
3	38950000
3	38960000
3	38970000
3	38980000
3	38990000
3	39000000
3	39010000
3	39020000
3	39030000
3	39040000
3	39050000
3	39060000
3	39070000
3	39080000
3	39090000
3	39100000
3	39110000
3	39120000
3	39130000
3	39140000
3	39150000
3	39160000
3	39170000
3	39180000
3	39190000
3	39200000
3	39210000
3	39220000
3	39230000
3	39240000
3	39250000
3	39260000
3	39270000
3	39280000
3	39290000
3	39300000
3	39310000
3	39320000
3	39330000
3	39340000
3	39350000
3	39360000
3	39370000
3	39380000
3	39390000
3	39400000
3	39410000
3	39420000
3	39430000
3	39440000
3	39450000
3	39460000
3	39470000
3	39480000
3	39490000
3	39500000
3	39510000
3	39520000
3	39530000
3	39540000
3	39550000
3	39560000
3	39570000
3	39580000
3	39590000
3	39600000
3	39610000
3	39620000
3	39630000
3	39640000
3	39650000
3	39660000
3	39670000
3	39680000
3	39690000
3	39700000
3	39710000
3	39720000
3	39730000
3	39740000
3	39750000
3	39760000
3	39770000
3	39780000
3	39790000
3	39800000
3	39810000
3	39820000
3	39830000
3	39840000
3	39850000
3	39860000
3	39870000
3	39880000
3	39890000
3	39900000
3	39910000
3	39920000
3	39930000
3	39940000
3	39950000
3	39960000
3	39970000
3	39980000
3	39990000
3	40000000
3	40010000
3	40020000
3	40030000
3	40040000
3	40050000
3	40060000
3	40070000
3	40080000
3	40090000
3	40100000
3	40110000
3	40120000
3	40130000
3	40140000
3	40150000
3	40160000
3	40170000
3	40180000
3	40190000
3	40200000
3	40210000
3	40220000
3	40230000
3	40240000
3	40250000
3	40260000
3	40270000
3	40280000
3	40290000
3	40300000
3	40310000
3	40320000
3	40330000
3	40340000
3	40350000
3	40360000
3	40370000
3	40380000
3	40390000
3	40400000
3	40410000
3	40420000
3	40430000
3	40440000
3	40450000
3	40460000
3	40470000
3	40480000
3	40490000
3	40500000
3	40510000
3	40520000
3	40530000
3	40540000
3	40550000
3	40560000
3	40570000
3	40580000
3	40590000
3	40600000
3	40610000
3	40620000
3	40630000
3	40640000
3	40650000
3	40660000
3	40670000
3	40680000
3	40690000
3	40700000
3	40710000
3	40720000
3	40730000
3	40740000
3	40750000
3	40760000
3	40770000
3	40780000
3	40790000
3	40800000
3	40810000
3	40820000
3	40830000
3	40840000
3	40850000
3	40860000
3	40870000
3	40880000
3	40890000
3	40900000
3	40910000
3	40920000
3	40930000
3	40940000
3	40950000
3	40960000
3	40970000
3	40980000
3	40990000
3	41000000
3	41010000
3	41020000
3	41030000
3	41040000
3	41050000
3	41060000
3	41070000
3	41080000
3	41090000
3	41100000
3	41110000
3	41120000
3	41130000
3	41140000
3	41150000
3	41160000
3	41170000
3	41180000
3	41190000
3	41200000
3	41210000
3	41220000
3	41230000
3	41240000
3	41250000
3	41260000
3	41270000
3	41280000
3	41290000
3	41300000
3	41310000
3	41320000
3	41330000
3	41340000
3	41350000
3	41360000
3	41370000
3	41380000
3	41390000
3	41400000
3	41410000
3	41420000
3	41430000
3	41440000
3	41450000
3	41460000
3	41470000
3	41480000
3	41490000
3	41500000
3	41510000
3	41520000
3	41530000
3	41540000
3	41550000
3	41560000
3	41570000
3	41580000
3	41590000
3	41600000
3	41610000
3	41620000
3	41630000
3	41640000
3	41650000
3	41660000
3	41670000
3	41680000
3	41690000
3	41700000
3	41710000
3	41720000
3	41730000
3	41740000
3	41750000
3	41760000
3	41770000
3	41780000
3	41790000
3	41800000
3	41810000
3	41820000
3	41830000
3	41840000
3	41850000
3	41860000
3	41870000
3	41880000
3	41890000
3	41900000
3	41910000
3	41920000
3	41930000
3	41940000
3	41950000
3	41960000
3	41970000
3	41980000
3	41990000
3	42000000
3	42010000
3	42020000
3	42030000
3	42040000
3	42050000
3	42060000
3	42070000
3	42080000
3	42090000
3	42100000
3	42110000
3	42120000
3	42130000
3	42140000
3	42150000
3	42160000
3	42170000
3	42180000
3	42190000
3	42200000
3	42210000
3	42220000
3	42230000
3	42240000
3	42250000
3	42260000
3	42270000
3	42280000
3	42290000
3	42300000
3	42310000
3	42320000
3	42330000
3	42340000
3	42350000
3	42360000
3	42370000
3	42380000
3	42390000
3	42400000
3	42410000
3	42420000
3	42430000
3	42440000
3	42450000
3	42460000
3	42470000
3	42480000
3	42490000
3	42500000
3	42510000
3	42520000
3	42530000
3	42540000
3	42550000
3	42560000
3	42570000
3	42580000
3	42590000
3	42600000
3	42610000
3	42620000
3	42630000
3	42640000
3	42650000
3	42660000
3	42670000
3	42680000
3	42690000
3	42700000
3	42710000
3	42720000
3	42730000
3	42740000
3	42750000
3	42760000
3	42770000
3	42780000
3	42790000
3	42800000
3	42810000
3	42820000
3	42830000
3	42840000
3	42850000
3	42860000
3	42870000
3	42880000
3	42890000
3	42900000
3	42910000
3	42920000
3	42930000
3	42940000
3	42950000
3	42960000
3	42970000
3	42980000
3	42990000
3	43000000
3	43010000
3	43020000
3	43030000
3	43040000
3	43050000
3	43060000
3	43070000
3	43080000
3	43090000
3	43100000
3	43110000
3	43120000
3	43130000
3	43140000
3	43150000
3	43160000
3	43170000
3	43180000
3	43190000
3	43200000
3	43210000
3	43220000
3	43230000
3	43240000
3	43250000
3	43260000
3	43270000
3	43280000
3	43290000
3	43300000
3	43310000
3	43320000
3	43330000
3	43340000
3	43350000
3	43360000
3	43370000
3	43380000
3	43390000
3	43400000
3	43410000
3	43420000
3	43430000
3	43440000
3	43450000
3	43460000
3	43470000
3	43480000
3	43490000
3	43500000
3	43510000
3	43520000
3	43530000
3	43540000
3	43550000
3	43560000
3	43570000
3	43580000
3	43590000
3	43600000
3	43610000
3	43620000
3	43630000
3	43640000
3	43650000
3	43660000
3	43670000
3	43680000
3	43690000
3	43700000
3	43710000
3	43720000
3	43730000
3	43740000
3	43750000
3	43760000
3	43770000
3	43780000
3	43790000
3	43800000
3	43810000
3	43820000
3	43830000
3	43840000
3	43850000
3	43860000
3	43870000
3	43880000
3	43890000
3	43900000
3	43910000
3	43920000
3	43930000
3	43940000
3	43950000
3	43960000
3	43970000
3	43980000
3	43990000
3	44000000
3	44010000
3	44020000
3	44030000
3	44040000
3	44050000
3	44060000
3	44070000
3	44080000
3	44090000
3	44100000
3	44110000
3	44120000
3	44130000
3	44140000
3	44150000
3	44160000
3	44170000
3	44180000
3	44190000
3	44200000
3	44210000
3	44220000
3	44230000
3	44240000
3	44250000
3	44260000
3	44270000
3	44280000
3	44290000
3	44300000
3	44310000
3	44320000
3	44330000
3	44340000
3	44350000
3	44360000
3	44370000
3	44380000
3	44390000
3	44400000
3	44410000
3	44420000
3	44430000
3	44440000
3	44450000
3	44460000
3	44470000
3	44480000
3	44490000
3	44500000
3	44510000
3	44520000
3	44530000
3	44540000
3	44550000
3	44560000
3	44570000
3	44580000
3	44590000
3	44600000
3	44610000
3	44620000
3	44630000
3	44640000
3	44650000
3	44660000
3	44670000
3	44680000
3	44690000
3	44700000
3	44710000
3	44720000
3	44730000
3	44740000
3	44750000
3	44760000
3	44770000
3	44780000
3	44790000
3	44800000
3	44810000
3	44820000
3	44830000
3	44840000
3	44850000
3	44860000
3	44870000
3	44880000
3	44890000
3	44900000
3	44910000
3	44920000
3	44930000
3	44940000
3	44950000
3	44960000
3	44970000
3	44980000
3	44990000
3	45000000
3	45010000
3	45020000
3	45030000
3	45040000
3	45050000
3	45060000
3	45070000
3	45080000
3	45090000
3	45100000
3	45110000
3	45120000
3	45130000
3	45140000
3	45150000
3	45160000
3	45170000
3	45180000
3	45190000
3	45200000
3	45210000
3	45220000
3	45230000
3	45240000
3	45250000
3	45260000
3	45270000
3	45280000
3	45290000
3	45300000
3	45310000
3	45320000
3	45330000
3	45340000
3	45350000
3	45360000
3	45370000
3	45380000
3	45390000
3	45400000
3	45410000
3	45420000
3	45430000
3	45440000
3	45450000
3	45460000